<?xml version="1.0" encoding="UTF-8"?>
<template xmlns:xsi="http://www.w3.org/2001/XMLSchema-instance"
xsi:noNamespaceSchemaLocation='eschemaTemplate.xsd'>
<metadata tag='CASE958133' description='sa' version='2' UId='123(ziru-2022-1.qae.aspentech.com_1704851575861)' category='' solutionId='' user='qaone1' date='2024-02-01T00:28:49'/>
  <procedures>
    <procedure tag='PREPARERPL' version='1' description='test for 958133' state='0' effective='' expiration='' resPlan='null' resActv='null' source='1644159852.CHK' pfcLevel='3' procType='null' procTypeDesc='null'>
      <subproceduresLinked>
        <subprocedureLink tag='AAA_BPL' version='1' is_primary='1'>
        </subprocedureLink>
      </subproceduresLinked>
    </procedure>
  </procedures>
  <subprocedures>
    <subprocedure tag='AAA_BPL' version='1' description='several  BPs' state='6' effective='2024-01-24T05:09:42' expiration='' UId='.(YY-2019-2.qae.aspentech.com_1617941778522)' orig_version='1' sourceLanguage='970966352.CHK'>
      <suboperations>
        <suboperation tag='FIRST_TEST' description='3PARAMS Firest test long description test the dispaly of the description' version='1' source='970966352_970973500.CHK' web='true' manage='true' subdoc_tag='null' subdoc_ver='null'>
        </suboperation>
        <suboperation tag='SECOND_TEST' description='BP second test long description test the dispaly of the description' version='2' source='970966352_970979493.CHK' web='true' manage='true' subdoc_tag='null' subdoc_ver='null'>
        </suboperation>
        <suboperation tag='THIRD_TEST' description='BP2 third test long description test the dispaly of the description' version='3' source='970966352_970983500.CHK' web='true' manage='true' subdoc_tag='null' subdoc_ver='null'>
        </suboperation>
        <suboperation tag='FOURTH_TEST' description='Fourth test long description test the dispaly of the description' version='4' source='970966352_970977501.CHK' web='true' manage='true' subdoc_tag='null' subdoc_ver='null'>
        </suboperation>
        <suboperation tag='FITHTH_TEST_XY' description='test long description test the dispaly of the description' version='5' source='970966352_970975503.CHK' web='true' manage='true' subdoc_tag='null' subdoc_ver='null'>
        </suboperation>
        <suboperation tag='SIXTH_TEST' description='test long description test the dispaly of the description' version='6' source='970966352_970981493.CHK' web='true' manage='true' subdoc_tag='null' subdoc_ver='null'>
        </suboperation>
        <suboperation tag='77777_TEST' description='test long description test the dispaly of the description' version='7' source='970966352_970967642.CHK' web='true' manage='true' subdoc_tag='null' subdoc_ver='null'>
        </suboperation>
        <suboperation tag='88888_TEST' description='test long description test the dispaly of the description' version='8' source='970966352_970969495.CHK' web='true' manage='true' subdoc_tag='null' subdoc_ver='null'>
        </suboperation>
        <suboperation tag='99999_TEST' description='test long description test the dispaly of the description' version='9' source='970966352_970971499.CHK' web='true' manage='true' subdoc_tag='null' subdoc_ver='null'>
        </suboperation>
        <suboperation tag='100000_TEST' description='test long description test the dispaly of the description' version='10' source='970966352_970966417.CHK' web='true' manage='true' subdoc_tag='null' subdoc_ver='null'>
        </suboperation>
      </suboperations>
      <scripts>
        <script tag='TEST' description='test' version='1' source='970966352_970985519.CHK'>
        </script>
      </scripts>
    </subprocedure>
  </subprocedures>
</template>
