<?xml version="1.0" encoding="UTF-8"?>
<template xmlns:xsi="http://www.w3.org/2001/XMLSchema-instance"
xsi:noNamespaceSchemaLocation='eschemaTemplate.xsd'>
<metadata tag='CASE788897' description='1' version='1' UId='.(Oliga-2022-2.qae.aspentech.com_1710811797119)' category='1' solutionId='1' user='qaone1' date='2024-03-20T08:18:12'/>
  <procedures>
    <procedure tag='RPL788897' version='1' description='API' state='6' effective='2024-03-20T07:10:56' expiration='' UId='.(Oliga-2022-2.qae.aspentech.com_1710811797119)' orig_version='1' resPlan='null' resActv='null' source='1521633321.CHK' pfcLevel='3' procType='null' batchArea='null' procTypeDesc='null'>
      <operations>
        <operation tag='PHASE17' description='PHASE17' version='1' auto_start='false' user_resource='null' wst_resource='null'>
        </operation>
      </operations>
      <subproceduresLinked>
        <subprocedureLink tag='BPL788897' version='1' is_primary='1'>
        </subprocedureLink>
      </subproceduresLinked>
    </procedure>
  </procedures>
  <subprocedures>
    <subprocedure tag='BPL788897' version='1' description='API' state='6' effective='2024-03-20T07:09:56' expiration='' UId='.(Oliga-2022-2.qae.aspentech.com_1710811797119)' orig_version='1' sourceLanguage='1520236915.CHK'>
      <suboperations>
        <suboperation tag='LOCAL_BP' description='LOCAL_BP' version='1' source='1520236915_1520260045.CHK' web='true' manage='true' subdoc_tag='null' subdoc_ver='null'>
        </suboperation>
      </suboperations>
      <localOperations>
        <operation tag='LOCAL_BP' description='LOCAL_BP' version='1' source='1520236915_1520891871.CHK'>
        </operation>
      </localOperations>
    </subprocedure>
  </subprocedures>
</template>
