<?xml version="1.0" encoding="UTF-8"?>
<template xmlns:xsi="http://www.w3.org/2001/XMLSchema-instance"
xsi:noNamespaceSchemaLocation='eschemaTemplate.xsd'>
<metadata tag='912651' description='as' version='1' UId='123(ziru-2022-1.qae.aspentech.com_1702943217225)' category='' solutionId='' user='qaone1' date='2024-01-02T00:37:23'/>
  <subprocedures>
    <subprocedure tag='BPL912651' version='1' description='testcase912651' state='6' effective='2024-01-02T00:35:39' expiration='' UId='123(ziru-2022-1.qae.aspentech.com_1702943217225)' orig_version='1' sourceLanguage='-947195872.CHK'>
      <suboperations>
        <suboperation tag='CREATE' description='test' version='1' source='-947195872_1714177804.CHK' web='true' manage='false' subdoc_tag='null' subdoc_ver='null'>
        </suboperation>
        <suboperation tag='IMPORT' description='test' version='2' source='-947195872_1714185791.CHK' web='true' manage='false' subdoc_tag='null' subdoc_ver='null'>
        </suboperation>
        <suboperation tag='IMPORT2' description='test' version='3' source='-947195872_1714187796.CHK' web='true' manage='false' subdoc_tag='null' subdoc_ver='null'>
        </suboperation>
        <suboperation tag='HAHAHHAH' description='test' version='4' source='-947195872_1714183799.CHK' web='true' manage='false' subdoc_tag='null' subdoc_ver='null'>
        </suboperation>
        <suboperation tag='TRGRGFHFH' description='test' version='5' source='-947195872_1714189791.CHK' web='true' manage='false' subdoc_tag='null' subdoc_ver='null'>
        </suboperation>
        <suboperation tag='FGDFGHFHF' description='test' version='6' source='-947195872_1714179795.CHK' web='true' manage='false' subdoc_tag='null' subdoc_ver='null'>
        </suboperation>
        <suboperation tag='FGFGFSDSDAS' description='test' version='7' source='-947195872_1714181794.CHK' web='true' manage='false' subdoc_tag='null' subdoc_ver='null'>
        </suboperation>
      </suboperations>
    </subprocedure>
  </subprocedures>
</template>
