<?xml version="1.0" encoding="UTF-8"?>
<template xmlns:xsi="http://www.w3.org/2001/XMLSchema-instance"
xsi:noNamespaceSchemaLocation='eschemaTemplate.xsd'>
<metadata tag='TEMP916366' description='' version='1' UId='123(ziru-2022-1.qae.aspentech.com_1704851575861)' category='' solutionId='' user='qaone1' date='2024-02-28T07:13:58'/>
  <procedures>
    <procedure tag='RPL916366' version='1' description='test for case 916366' state='6' effective='2024-02-28T07:04:39' expiration='' UId='123(ziru-2022-1.qae.aspentech.com_1704851575861)' orig_version='1' resPlan='null' resActv='null' source='-293248002.CHK' pfcLevel='3' procType='null' procTypeDesc='null'>
      <operations>
        <operation tag='PHASE17' description='PHASE17' version='1' auto_start='false' user_resource='null' wst_resource='null'>
        </operation>
      </operations>
      <subproceduresLinked>
        <subprocedureLink tag='BPL916366' version='1' is_primary='1'>
        </subprocedureLink>
      </subproceduresLinked>
    </procedure>
  </procedures>
  <subprocedures>
    <subprocedure tag='BPL916366' version='1' description='test for case916366' state='6' effective='2024-02-28T07:04:04' expiration='' UId='123(ziru-2022-1.qae.aspentech.com_1704851575861)' orig_version='1' sourceLanguage='-293352507.CHK'>
      <suboperations>
        <suboperation tag='TEST' description='for test' version='1' source='-293352507_-293334760.CHK' web='true' manage='false' subdoc_tag='null' subdoc_ver='null'>
        </suboperation>
      </suboperations>
    </subprocedure>
  </subprocedures>
</template>
