<?xml version="1.0" encoding="UTF-8"?>
<template xmlns:xsi="http://www.w3.org/2001/XMLSchema-instance"
xsi:noNamespaceSchemaLocation='eschemaTemplate.xsd'>
<metadata tag='SAMPLE' description='sample' version='1' UId='.(Oliga-2022-2.qae.aspentech.com_1700100719334)' category='1' solutionId='1' user='qaone1' date='2023-11-23T06:17:22'/>
  <procedures>
    <procedure tag='SIMPLE' version='1' description='Simple' state='6' effective='2023-11-23T02:58:21' expiration='' UId='.(Oliga-2022-2.qae.aspentech.com_1700100719334)' orig_version='1' resPlan='null' resActv='null' source='-98879027.CHK' pfcLevel='3' procType='null' procTypeDesc='null'>
      <operations>
        <operation tag='PHASE17' description='PHASE17' version='1' auto_start='false' user_resource='null' wst_resource='null'>
        </operation>
      </operations>
      <subproceduresLinked>
        <subprocedureLink tag='SIMPLE' version='1' is_primary='1'>
        </subprocedureLink>
      </subproceduresLinked>
    </procedure>
  </procedures>
  <subprocedures>
    <subprocedure tag='SIMPLE' version='1' description='simple' state='6' effective='2023-11-23T02:55:46' expiration='' UId='.(Oliga-2022-2.qae.aspentech.com_1700100719334)' orig_version='1' sourceLanguage='-98974661.CHK'>
      <suboperations>
        <suboperation tag='SIMPLE' description='simple' version='1' source='-98974661_-98961445.CHK' web='true' manage='true' subdoc_tag='null' subdoc_ver='null'>
        </suboperation>
      </suboperations>
    </subprocedure>
  </subprocedures>
</template>
