<?xml version="1.0" encoding="UTF-8"?>
<template xmlns:xsi="http://www.w3.org/2001/XMLSchema-instance"
xsi:noNamespaceSchemaLocation='eschemaTemplate.xsd'>
<metadata tag='TEMP920999' description='sadsdds' version='1' UId='123(ziru-2022-3.qae.aspentech.com_1708477652648)' category='' solutionId='' user='qaone1' date='2024-03-15T00:20:16'/>
  <procedures>
    <procedure tag='RPL920999' version='1' description='test for case920999' state='6' effective='2024-03-13T00:58:45' expiration='' UId='123(ziru-2022-3.qae.aspentech.com_1708477652648)' orig_version='1' resPlan='null' resActv='null' source='894258723.CHK' pfcLevel='3' procType='null' batchArea='null' procTypeDesc='null'>
      <operations>
        <operation tag='PHASE17' description='PHASE17' version='1' auto_start='false' user_resource='null' wst_resource='null'>
        </operation>
      </operations>
      <subproceduresLinked>
        <subprocedureLink tag='BPL920999' version='1' is_primary='1'>
        </subprocedureLink>
      </subproceduresLinked>
    </procedure>
  </procedures>
  <subprocedures>
    <subprocedure tag='BPL920999' version='1' description='test for case920999' state='6' effective='2024-03-13T00:53:29' expiration='' UId='123(ziru-2022-3.qae.aspentech.com_1708477652648)' orig_version='1' sourceLanguage='894154526.CHK'>
      <suboperations>
        <suboperation tag='IMPORT' description='dssd' version='1' source='894154526_894180331.CHK' web='true' manage='false' subdoc_tag='null' subdoc_ver='null'>
        </suboperation>
      </suboperations>
    </subprocedure>
  </subprocedures>
</template>
