<?xml version="1.0" encoding="UTF-8"?>
<template xmlns:xsi="http://www.w3.org/2001/XMLSchema-instance"
xsi:noNamespaceSchemaLocation='eschemaTemplate.xsd'>
<metadata tag='TEMP539370' description='test' version='1' UId='123(ziru-s2022-3.qae.aspentech.com_1712882597444)' category='' solutionId='' user='qaone1' date='2024-05-07T05:47:46'/>
  <subprocedures>
    <subprocedure tag='BPL539370' version='1' description='test for case539370' state='0' effective='' expiration='' sourceLanguage='1355361517.CHK'>
      <scripts>
        <script tag='SCRIPTS' description='ssdsd' version='1' source='1355361517_1355392966.CHK'>
        </script>
      </scripts>
    </subprocedure>
  </subprocedures>
</template>
