<?xml version="1.0" encoding="UTF-8"?>
<template xmlns:xsi="http://www.w3.org/2001/XMLSchema-instance"
xsi:noNamespaceSchemaLocation='eschemaTemplate.xsd'>
<metadata tag='CASE849596' description='1' version='1' UId='.(Oliga-2022-2.qae.aspentech.com_1700100719334)' category='1' solutionId='1' user='qaone1' date='2024-01-02T08:08:01'/>
  <procedures>
    <procedure tag='RPL849596' version='1' description='BatchDefault' state='6' effective='2024-01-02T08:07:13' expiration='' UId='.(Oliga-2022-2.qae.aspentech.com_1700100719334)' orig_version='1' resPlan='null' resActv='null' source='-924553204.CHK' pfcLevel='3' procType='null' procTypeDesc='null'>
      <operations>
        <operation tag='PHASE17' description='PHASE17' version='1' auto_start='false' user_resource='null' wst_resource='null'>
        </operation>
      </operations>
      <subproceduresLinked>
        <subprocedureLink tag='BPL849596' version='1' is_primary='1'>
        </subprocedureLink>
      </subproceduresLinked>
    </procedure>
  </procedures>
  <subprocedures>
    <subprocedure tag='BPL849596' version='1' description='Batch record(Default area)' state='6' effective='2024-01-02T08:06:25' expiration='' UId='.(Oliga-2022-2.qae.aspentech.com_1700100719334)' orig_version='1' sourceLanguage='-925001284.CHK'>
      <suboperations>
        <suboperation tag='BATCH' description='read batch' version='1' source='-925001284_-1271631668.CHK' web='true' manage='true' subdoc_tag='null' subdoc_ver='null'>
        </suboperation>
      </suboperations>
    </subprocedure>
  </subprocedures>
</template>
