<?xml version="1.0" encoding="UTF-8"?>
<template xmlns:xsi="http://www.w3.org/2001/XMLSchema-instance"
xsi:noNamespaceSchemaLocation='eschemaTemplate.xsd'>
<metadata tag='BPL916420' description='1' version='1' UId='123(Oliga-2022-2.qae.aspentech.com_1706061772196)' category='1' solutionId='1' user='qaone1' date='2024-01-31T06:11:31'/>
  <procedures>
    <procedure tag='RPL916420' version='1' description='for testhahhah' state='6' effective='2024-01-31T06:10:49' expiration='' UId='.(Oliga-2022-2.qae.aspentech.com_1700100719334)' orig_version='1' resPlan='null' resActv='null' source='1579434493.CHK' pfcLevel='3' procType='null' procTypeDesc='null'>
      <operations>
        <operation tag='PHASE17' description='PHASE17' version='1' auto_start='false' user_resource='null' wst_resource='null'>
        </operation>
      </operations>
      <subproceduresLinked>
        <subprocedureLink tag='BPL916420' version='1' is_primary='1'>
        </subprocedureLink>
      </subproceduresLinked>
    </procedure>
  </procedures>
  <subprocedures>
    <subprocedure tag='BPL916420' version='1' description='for test' state='6' effective='2024-01-31T06:10:49' expiration='' UId='.(Oliga-2022-2.qae.aspentech.com_1700100719334)' orig_version='1' sourceLanguage='1579433397.CHK'>
      <suboperations>
        <suboperation tag='TESTBP' description='for test' version='1' source='1579433397_1579433399.CHK' web='true' manage='false' subdoc_tag='null' subdoc_ver='null'>
        </suboperation>
      </suboperations>
    </subprocedure>
  </subprocedures>
</template>
