<?xml version="1.0" encoding="UTF-8"?>
<template xmlns:xsi="http://www.w3.org/2001/XMLSchema-instance"
xsi:noNamespaceSchemaLocation='eschemaTemplate.xsd'>
<metadata tag='BPL916420' description='testBPL' version='2' UId='123(ziru-2022-1.qae.aspentech.com_1700091970362)' category='' solutionId='' user='qaone1' date='2023-12-04T01:21:58'/>
  <subprocedures>
    <subprocedure tag='BPL916420' version='1' description='for test' state='9' effective='' expiration='' sourceLanguage='844964176.CHK'>
      <suboperations>
        <suboperation tag='TESTBP' description='for test' version='1' source='844964176_844995730.CHK' web='true' manage='false' subdoc_tag='null' subdoc_ver='null'>
        </suboperation>
      </suboperations>
    </subprocedure>
  </subprocedures>
</template>
