<?xml version="1.0" encoding="UTF-8"?>
<template xmlns:xsi="http://www.w3.org/2001/XMLSchema-instance"
xsi:noNamespaceSchemaLocation='eschemaTemplate.xsd'>
<metadata tag='CASE927362' description='1' version='1' UId='123(Oliga-2022-2.qae.aspentech.com_1708411086784)' category='1' solutionId='1' user='qaone1' date='2024-02-27T08:06:53'/>
  <procedures>
    <procedure tag='SIMPLE' version='1' description='Simple' state='6' effective='2024-02-21T05:46:20' expiration='' UId='.(Oliga-2022-2.qae.aspentech.com_1700100719334)' orig_version='1' resPlan='null' resActv='null' source='-902601788.CHK' pfcLevel='3' procType='null' batchArea='null' procTypeDesc='null'>
      <operations>
        <operation tag='PHASE17' description='PHASE17' version='1' auto_start='false' user_resource='null' wst_resource='null'>
        </operation>
      </operations>
      <subproceduresLinked>
        <subprocedureLink tag='SIMPLE' version='1' is_primary='1'>
        </subprocedureLink>
      </subproceduresLinked>
    </procedure>
  </procedures>
  <subprocedures>
    <subprocedure tag='BPL927362' version='1' description='API' state='9' effective='' expiration='' sourceLanguage='-376381411.CHK'>
      <scripts>
        <script tag='A' description='AA' version='1' source='-376381411_-385964638.CHK'>
        </script>
      </scripts>
    </subprocedure>
    <subprocedure tag='SIMPLE' version='1' description='simple' state='6' effective='2024-02-21T05:46:20' expiration='' UId='.(Oliga-2022-2.qae.aspentech.com_1700100719334)' orig_version='1' sourceLanguage='-902603365.CHK'>
      <suboperations>
        <suboperation tag='SIMPLE' description='simple' version='1' source='-902603365_-902603358.CHK' web='true' manage='true' subdoc_tag='null' subdoc_ver='null'>
        </suboperation>
      </suboperations>
    </subprocedure>
  </subprocedures>
</template>
