<?xml version="1.0" encoding="UTF-8"?>
<template xmlns:xsi="http://www.w3.org/2001/XMLSchema-instance"
xsi:noNamespaceSchemaLocation='eschemaTemplate.xsd'>
<metadata tag='TEMP771207' description='for case 771207' version='1' UId='123(ziru-2022-1.qae.aspentech.com_1711074740063)' category='' solutionId='' user='qaone1' date='2024-03-27T01:06:44'/>
  <procedures>
    <procedure tag='WEB_TEST' version='1' description='test web client' state='6' effective='2024-03-27T01:05:06' expiration='' UId='123(ziru-2022-1.qae.aspentech.com_1711074740063)' orig_version='1' resPlan='null' resActv='null' source='2104063264.CHK' pfcLevel='3' procType='null' batchArea='null' procTypeDesc='null'>
      <operations>
        <operation tag='PHASE21' description='Test thread' version='1' auto_start='false' user_resource='null' wst_resource='null'>
        </operation>
      </operations>
      <subproceduresLinked>
        <subprocedureLink tag='THREAD' version='1' is_primary='1'>
        </subprocedureLink>
      </subproceduresLinked>
    </procedure>
  </procedures>
  <subprocedures>
    <subprocedure tag='THREAD' version='1' description='test' state='6' effective='2024-03-27T01:04:08' expiration='' UId='123(ziru-2022-1.qae.aspentech.com_1711074740063)' orig_version='1' sourceLanguage='2104057438.CHK'>
      <suboperations>
        <suboperation tag='THREAD' description='test' version='1' source='2104057438_2104057500.CHK' web='true' manage='false' subdoc_tag='null' subdoc_ver='null'>
        </suboperation>
      </suboperations>
      <localOperations>
        <operation tag='LOCAL_BP' description='local phase' version='1' source='2104057438_2104059242.CHK'>
        </operation>
      </localOperations>
      <scripts>
        <script tag='UPDATE_COUNTER' description='Update counter variable' version='1' source='2104057438_2104061202.CHK'>
        </script>
      </scripts>
    </subprocedure>
  </subprocedures>
</template>
