<?xml version="1.0" encoding="UTF-8"?>
<template xmlns:xsi="http://www.w3.org/2001/XMLSchema-instance"
xsi:noNamespaceSchemaLocation='eschemaTemplate.xsd'>
<metadata tag='TEMP918007' description='test for case918007' version='1' UId='123(ziru-2022-3.qae.aspentech.com_1708477652648)' category='' solutionId='' user='qaone1' date='2024-03-20T01:31:35'/>
  <procedures>
    <procedure tag='RPL918007' version='1' description='test for case918007' state='6' effective='2024-03-18T03:17:08' expiration='' UId='123(ziru-2022-3.qae.aspentech.com_1708477652648)' orig_version='1' resPlan='null' resActv='null' source='1334738773.CHK' pfcLevel='3' procType='null' batchArea='null' procTypeDesc='null'>
      <operations>
        <operation tag='PHASE17' description='PHASE17' version='1' auto_start='false' user_resource='null' wst_resource='null'>
        </operation>
      </operations>
      <subproceduresLinked>
        <subprocedureLink tag='BPL918007' version='1' is_primary='1'>
        </subprocedureLink>
      </subproceduresLinked>
    </procedure>
    <procedure tag='RPL918007_V1' version='1' description='sdd' state='6' effective='2024-03-20T01:22:12' expiration='' UId='123(ziru-2022-3.qae.aspentech.com_1708477652648)' orig_version='1' resPlan='null' resActv='null' source='1500699873.CHK' pfcLevel='3' procType='null' batchArea='null' procTypeDesc='null'>
      <operations>
        <operation tag='PHASE17' description='PHASE17' version='1' auto_start='false' user_resource='null' wst_resource='null'>
        </operation>
      </operations>
      <subproceduresLinked>
        <subprocedureLink tag='BPL918007_V1' version='1' is_primary='1'>
        </subprocedureLink>
      </subproceduresLinked>
    </procedure>
  </procedures>
  <subprocedures>
    <subprocedure tag='BPL918007' version='1' description='sd' state='6' effective='2024-03-18T03:14:36' expiration='' UId='123(ziru-2022-3.qae.aspentech.com_1708477652648)' orig_version='1' sourceLanguage='1334634630.CHK'>
      <suboperations>
        <suboperation tag='IMPORT' description='w' version='1' source='1334634630_1334653068.CHK' web='true' manage='false' subdoc_tag='null' subdoc_ver='null'>
        </suboperation>
      </suboperations>
    </subprocedure>
    <subprocedure tag='BPL918007_V1' version='1' description='dsds' state='6' effective='2024-03-20T01:20:49' expiration='' UId='123(ziru-2022-3.qae.aspentech.com_1708477652648)' orig_version='1' sourceLanguage='1500595182.CHK'>
      <suboperations>
        <suboperation tag='IMPORT' description='w' version='1' source='1500595182_1334653068.CHK' web='true' manage='false' subdoc_tag='null' subdoc_ver='null'>
        </suboperation>
      </suboperations>
    </subprocedure>
  </subprocedures>
</template>
