<?xml version="1.0" encoding="UTF-8"?>
<template xmlns:xsi="http://www.w3.org/2001/XMLSchema-instance"
xsi:noNamespaceSchemaLocation='eschemaTemplate.xsd'>
<metadata tag='TEMP29671' description='test' version='1' UId='123(ziru-s2022-1.qae.aspentech.com_1715133498724)' category='' solutionId='' user='qaone1' date='2024-05-22T01:46:10'/>
  <procedures>
    <procedure tag='RPL29671' version='1' description='test for 29671' state='6' effective='2024-05-22T01:19:23' expiration='' UId='123(ziru-s2022-1.qae.aspentech.com_1715133498724)' orig_version='1' resPlan='null' resActv='null' source='-1646237594.CHK' pfcLevel='3' procType='null' batchArea='null' procTypeDesc='null'>
      <operations>
        <operation tag='PHASE17' description='PHASE17' version='1' auto_start='false' user_resource='null' wst_resource='null'>
        </operation>
      </operations>
      <subproceduresLinked>
        <subprocedureLink tag='BPL29671' version='1' is_primary='1'>
        </subprocedureLink>
      </subproceduresLinked>
    </procedure>
  </procedures>
  <subprocedures>
    <subprocedure tag='BPL29671' version='1' description='dsdsds' state='6' effective='2024-05-22T01:17:30' expiration='' UId='123(ziru-s2022-1.qae.aspentech.com_1715133498724)' orig_version='1' sourceLanguage='-1647199115.CHK'>
      <suboperations>
        <suboperation tag='IMPORT' description='sfs' version='1' source='-1647199115_-1646898150.CHK' web='true' manage='true' subdoc_tag='null' subdoc_ver='null'>
        </suboperation>
      </suboperations>
    </subprocedure>
  </subprocedures>
</template>
