<?xml version="1.0" encoding="UTF-8"?>
<template xmlns:xsi="http://www.w3.org/2001/XMLSchema-instance"
xsi:noNamespaceSchemaLocation='eschemaTemplate.xsd'>
<metadata tag='TEMP431802' description='asas' version='21' UId='123(ziru-s2022-1.qae.aspentech.com_1715133498724)' category='' solutionId='' user='qaone1' date='2024-05-15T05:56:37'/>
  <procedures>
    <procedure tag='RPL431802' version='1' description='assd' state='0' effective='' expiration='' resPlan='null' resActv='null' source='2060138457.CHK' pfcLevel='3' procType='null' batchArea='null' procTypeDesc='null'>
      <subproceduresLinked>
        <subprocedureLink tag='BPL431802' version='1' is_primary='1'>
        </subprocedureLink>
      </subproceduresLinked>
    </procedure>
  </procedures>
  <subprocedures>
    <subprocedure tag='BPL431802' version='1' description='wedwqqw' state='9' effective='' expiration='' sourceLanguage='2060158676.CHK'>
      <scripts>
        <script tag='IMPORT' description='ewwe' version='1' source='2060158676_2059498257.CHK'>
        </script>
      </scripts>
    </subprocedure>
  </subprocedures>
</template>
