<?xml version="1.0" encoding="UTF-8"?>
<template xmlns:xsi="http://www.w3.org/2001/XMLSchema-instance"
xsi:noNamespaceSchemaLocation='eschemaTemplate.xsd'>
<metadata tag='TEMP1365479' description='asas' version='1' UId='123(ziru-s2022-1.qae.aspentech.com_1715133498724)' category='' solutionId='' user='qaone1' date='2024-05-29T02:32:05'/>
  <procedures>
    <procedure tag='RPL1365479' version='1' description='asdd' state='6' effective='2024-05-28T23:50:27' expiration='' UId='123(ziru-s2022-1.qae.aspentech.com_1715133498724)' orig_version='1' resPlan='null' resActv='null' source='-1048038685.CHK' pfcLevel='3' procType='null' batchArea='null' procTypeDesc='null'>
      <operations>
        <operation tag='PHASE17' description='PHASE17' version='1' auto_start='false' user_resource='null' wst_resource='null'>
        </operation>
      </operations>
      <subproceduresLinked>
        <subprocedureLink tag='BPL1365479' version='1' is_primary='1'>
        </subprocedureLink>
      </subproceduresLinked>
    </procedure>
  </procedures>
  <subprocedures>
    <subprocedure tag='BPL1365479' version='1' description='test' state='6' effective='2024-05-28T23:50:09' expiration='' UId='123(ziru-s2022-1.qae.aspentech.com_1715133498724)' orig_version='1' sourceLanguage='-1107479175.CHK'>
      <suboperations>
        <suboperation tag='IMPORT' description='fd' version='1' source='-1107479175_-1107464439.CHK' web='true' manage='true' subdoc_tag='null' subdoc_ver='null'>
        </suboperation>
      </suboperations>
    </subprocedure>
  </subprocedures>
</template>
