<?xml version="1.0" encoding="UTF-8"?>
<template xmlns:xsi="http://www.w3.org/2001/XMLSchema-instance"
xsi:noNamespaceSchemaLocation='eschemaTemplate.xsd'>
<metadata tag='TEMP540082' description='s' version='1' UId='123(ziru-s2022-3.qae.aspentech.com_1712882597444)' category='' solutionId='' user='qaone1' date='2024-05-02T07:18:02'/>
  <procedures>
    <procedure tag='RPL540082' version='1' description='test' state='6' effective='2024-05-02T07:16:29' expiration='' UId='123(ziru-s2022-3.qae.aspentech.com_1712882597444)' orig_version='1' resPlan='null' resActv='null' source='942201986.CHK' pfcLevel='3' procType='null' batchArea='null' procTypeDesc='null'>
      <operations>
        <operation tag='PHASE17' description='PHASE17' version='1' auto_start='false' user_resource='null' wst_resource='null'>
        </operation>
      </operations>
      <subproceduresLinked>
        <subprocedureLink tag='BPL540082_2' version='1' is_primary='1'>
        </subprocedureLink>
      </subproceduresLinked>
    </procedure>
  </procedures>
  <subprocedures>
    <subprocedure tag='BPL540082_1' version='1' description='test' state='0' effective='' expiration='' sourceLanguage='942009925.CHK'>
      <suboperations>
        <suboperation tag='IMPORT' description='test' version='1' source='942009925_942028140.CHK' web='true' manage='false' subdoc_tag='null' subdoc_ver='null'>
        </suboperation>
      </suboperations>
    </subprocedure>
    <subprocedure tag='BPL540082_2' version='1' description='test' state='6' effective='2024-05-02T07:15:29' expiration='' UId='123(ziru-s2022-3.qae.aspentech.com_1712882597444)' orig_version='1' sourceLanguage='942052905.CHK'>
      <suboperations>
        <suboperation tag='IMPORT' description='test' version='1' source='942052905_942067873.CHK' web='true' manage='false' subdoc_tag='null' subdoc_ver='null'>
        </suboperation>
      </suboperations>
    </subprocedure>
  </subprocedures>
</template>
