<?xml version="1.0" encoding="UTF-8"?>
<template xmlns:xsi="http://www.w3.org/2001/XMLSchema-instance"
xsi:noNamespaceSchemaLocation='eschemaTemplate.xsd'>
<metadata tag='TEMP520174' description='as' version='1' UId='123(ziru-s2022-1.qae.aspentech.com_1715133498724)' category='' solutionId='' user='qaone1' date='2024-05-14T02:22:02'/>
  <procedures>
    <procedure tag='RPL520174' version='1' description='asasas' state='6' effective='2024-05-14T02:18:46' expiration='' UId='123(ziru-s2022-1.qae.aspentech.com_1715133498724)' orig_version='1' resPlan='null' resActv='null' source='1961117212.CHK' pfcLevel='3' procType='null' batchArea='null' procTypeDesc='null'>
      <operations>
        <operation tag='PHASE17' description='PHASE17' version='1' auto_start='false' user_resource='null' wst_resource='null'>
        </operation>
      </operations>
      <subproceduresLinked>
        <subprocedureLink tag='BPL520174' version='1' is_primary='1'>
        </subprocedureLink>
      </subproceduresLinked>
    </procedure>
  </procedures>
  <subprocedures>
    <subprocedure tag='BPL520174' version='1' description='test' state='6' effective='2024-05-14T02:17:03' expiration='' UId='123(ziru-s2022-1.qae.aspentech.com_1715133498724)' orig_version='1' sourceLanguage='1959239555.CHK'>
      <suboperations>
        <suboperation tag='IMPORT' description='test' version='1' source='1959239555_1959255880.CHK' web='true' manage='false' subdoc_tag='null' subdoc_ver='null'>
        </suboperation>
      </suboperations>
    </subprocedure>
    <subprocedure tag='BPL520174_1' version='1' description='test' state='6' effective='2024-05-14T02:17:19' expiration='' UId='123(ziru-s2022-1.qae.aspentech.com_1715133498724)' orig_version='1' sourceLanguage='1961011152.CHK'>
      <suboperations>
        <suboperation tag='IMPORT' description='test' version='1' source='1961011152_1959255880.CHK' web='true' manage='false' subdoc_tag='null' subdoc_ver='null'>
        </suboperation>
      </suboperations>
    </subprocedure>
  </subprocedures>
</template>
