<?xml version="1.0" encoding="UTF-8"?>
<template xmlns:xsi="http://www.w3.org/2001/XMLSchema-instance"
xsi:noNamespaceSchemaLocation='eschemaTemplate.xsd'>
<metadata tag='BPL1006618' description='1' version='1' UId='123(Oliga-2022-2.qae.aspentech.com_1708411086784)' category='1' solutionId='1' user='qaone1' date='2024-03-05T02:41:13'/>
  <subprocedures>
    <subprocedure tag='BPL1006618' version='1' description='Module_Designer' state='0' effective='' expiration='' sourceLanguage='208419124.CHK'>
      <suboperations>
        <suboperation tag='MODULE_DESIGNER' description='Module_Designer' version='1' source='208419124_208429540.CHK' web='true' manage='true' subdoc_tag='null' subdoc_ver='null'>
        </suboperation>
      </suboperations>
    </subprocedure>
  </subprocedures>
</template>
