<?xml version="1.0" encoding="UTF-8"?>
<template xmlns:xsi="http://www.w3.org/2001/XMLSchema-instance"
xsi:noNamespaceSchemaLocation='eschemaTemplate.xsd'>
<metadata tag='CASE825087' description='for case 825087' version='1' UId='123(ziru-2022-3.qae.aspentech.com_1708477652648)' category='' solutionId='' user='qaone1' date='2024-03-11T01:36:12'/>
  <procedures>
    <procedure tag='RPL825087' version='1' description='test or case825087' state='6' effective='2024-03-11T01:31:17' expiration='' UId='123(ziru-2022-3.qae.aspentech.com_1708477652648)' orig_version='1' resPlan='null' resActv='null' source='723297241.CHK' pfcLevel='3' procType='null' batchArea='null' procTypeDesc='null'>
      <operations>
        <operation tag='PHASE17' description='PHASE17' version='1' auto_start='false' user_resource='null' wst_resource='null'>
        </operation>
        <operation tag='PHASE35' description='PHASE35' version='2' auto_start='false' user_resource='null' wst_resource='null'>
        </operation>
        <operation tag='PHASE28' description='PHASE28' version='3' auto_start='false' user_resource='null' wst_resource='null'>
        </operation>
        <operation tag='PHASE42' description='PHASE42' version='4' auto_start='false' user_resource='null' wst_resource='null'>
        </operation>
      </operations>
      <subproceduresLinked>
        <subprocedureLink tag='AAA_BPL' version='1' is_primary='1'>
        </subprocedureLink>
      </subproceduresLinked>
    </procedure>
  </procedures>
  <subprocedures>
    <subprocedure tag='AAA_BPL' version='1' description='several  BPs' state='6' effective='2024-02-21T01:47:56' expiration='' UId='.(YY-2019-2.qae.aspentech.com_1617941778522)' orig_version='1' sourceLanguage='-916907590.CHK'>
      <suboperations>
        <suboperation tag='FIRST_TEST' description='3PARAMS Firest test long description test the dispaly of the description' version='1' source='-916907590_-916899805.CHK' web='true' manage='true' subdoc_tag='null' subdoc_ver='null'>
        </suboperation>
        <suboperation tag='SECOND_TEST' description='BP second test long description test the dispaly of the description' version='2' source='-916907590_-916893802.CHK' web='true' manage='true' subdoc_tag='null' subdoc_ver='null'>
        </suboperation>
        <suboperation tag='THIRD_TEST' description='BP2 third test long description test the dispaly of the description' version='3' source='-916907590_-916889803.CHK' web='true' manage='true' subdoc_tag='null' subdoc_ver='null'>
        </suboperation>
        <suboperation tag='FOURTH_TEST' description='Fourth test long description test the dispaly of the description' version='4' source='-916907590_-916895801.CHK' web='true' manage='true' subdoc_tag='null' subdoc_ver='null'>
        </suboperation>
        <suboperation tag='FITHTH_TEST_XY' description='test long description test the dispaly of the description' version='5' source='-916907590_-916897797.CHK' web='true' manage='true' subdoc_tag='null' subdoc_ver='null'>
        </suboperation>
        <suboperation tag='SIXTH_TEST' description='test long description test the dispaly of the description' version='6' source='-916907590_-916891795.CHK' web='true' manage='true' subdoc_tag='null' subdoc_ver='null'>
        </suboperation>
        <suboperation tag='77777_TEST' description='test long description test the dispaly of the description' version='7' source='-916907590_-916905800.CHK' web='true' manage='true' subdoc_tag='null' subdoc_ver='null'>
        </suboperation>
        <suboperation tag='88888_TEST' description='test long description test the dispaly of the description' version='8' source='-916907590_-916903793.CHK' web='true' manage='true' subdoc_tag='null' subdoc_ver='null'>
        </suboperation>
        <suboperation tag='99999_TEST' description='test long description test the dispaly of the description' version='9' source='-916907590_-916901804.CHK' web='true' manage='true' subdoc_tag='null' subdoc_ver='null'>
        </suboperation>
        <suboperation tag='100000_TEST' description='test long description test the dispaly of the description' version='10' source='-916907590_-916907578.CHK' web='true' manage='true' subdoc_tag='null' subdoc_ver='null'>
        </suboperation>
      </suboperations>
      <scripts>
        <script tag='TEST' description='test' version='1' source='-916907590_-916887800.CHK'>
        </script>
      </scripts>
    </subprocedure>
  </subprocedures>
</template>
