<?xml version="1.0" encoding="UTF-8"?>
<template xmlns:xsi="http://www.w3.org/2001/XMLSchema-instance"
xsi:noNamespaceSchemaLocation='eschemaTemplate.xsd'>
<metadata tag='EVENTLOGFUFT' description='EVENTLOGFUFT' version='1' UId='.(Oliga-2022-2.qae.aspentech.com_1698371872991)' category='1' solutionId='1' user='qaone1' date='2023-10-30T06:28:30'/>
  <subprocedures>
    <subprocedure tag='EVENTLOG' version='1' description='EventLog' state='0' effective='' expiration='' sourceLanguage='2135127851.CHK'>
      <suboperations>
        <suboperation tag='EVENTLOG' description='EventLog' version='1' source='2135127851_2135127859.CHK' web='true' manage='true' subdoc_tag='null' subdoc_ver='null'>
        </suboperation>
      </suboperations>
    </subprocedure>
  </subprocedures>
</template>
