<?xml version="1.0" encoding="UTF-8"?>
<template xmlns:xsi="http://www.w3.org/2001/XMLSchema-instance"
xsi:noNamespaceSchemaLocation='eschemaTemplate.xsd'>
<metadata tag='BPL915161' description='1' version='1' UId='123(Oliga-2022-2.qae.aspentech.com_1706061772196)' category='1' solutionId='1' user='qaone1' date='2024-01-31T05:32:48'/>
  <subprocedures>
    <subprocedure tag='BPL915161' version='1' description='BPL915161' state='0' effective='' expiration='' sourceLanguage='1577001449.CHK'>
      <suboperations>
        <suboperation tag='API' description='API' version='1' source='1577001449_1577001451.CHK' web='true' manage='true' subdoc_tag='null' subdoc_ver='null'>
        </suboperation>
      </suboperations>
    </subprocedure>
  </subprocedures>
</template>
