<?xml version="1.0" encoding="UTF-8"?>
<template xmlns:xsi="http://www.w3.org/2001/XMLSchema-instance"
xsi:noNamespaceSchemaLocation='eschemaTemplate.xsd'>
<metadata tag='BPL915161' description='BPL915161' version='2' UId='.(Oliga-2022-2.qae.aspentech.com_1700100719334)' category='1' solutionId='1' user='qaone1' date='2023-12-12T06:28:39'/>
  <subprocedures>
    <subprocedure tag='BPL915161' version='1' description='BPL915161' state='0' effective='' expiration='' sourceLanguage='1555402406.CHK'>
      <suboperations>
        <suboperation tag='API' description='API' version='1' source='1555402406_1555402417.CHK' web='true' manage='true' subdoc_tag='null' subdoc_ver='null'>
        </suboperation>
      </suboperations>
    </subprocedure>
  </subprocedures>
</template>
