<?xml version="1.0" encoding="UTF-8"?>
<template xmlns:xsi="http://www.w3.org/2001/XMLSchema-instance"
xsi:noNamespaceSchemaLocation='eschemaTemplate.xsd'>
<metadata tag='CASE976946' description='1' version='1' UId='123(Oliga-2022-2.qae.aspentech.com_1708411086784)' category='1' solutionId='1' user='qaone1' date='2024-03-12T07:07:52'/>
  <procedures>
    <procedure tag='RPL976946' version='1' description='Session Manager' state='6' effective='2024-03-12T07:05:02' expiration='' UId='123(Oliga-2022-2.qae.aspentech.com_1708411086784)' orig_version='1' resPlan='null' resActv='null' source='806856151.CHK' pfcLevel='3' procType='null' batchArea='null' procTypeDesc='null'>
      <operations>
        <operation tag='PHASE17' description='PHASE17' version='1' auto_start='false' user_resource='null' wst_resource='null'>
        </operation>
        <operation tag='PHASE32' description='PHASE32' version='2' auto_start='false' user_resource='null' wst_resource='null'>
        </operation>
        <operation tag='PHASE38' description='PHASE38' version='3' auto_start='false' user_resource='null' wst_resource='null'>
        </operation>
        <operation tag='PHASE44' description='PHASE44' version='4' auto_start='false' user_resource='null' wst_resource='null'>
        </operation>
        <operation tag='PHASE41' description='PHASE41' version='5' auto_start='false' user_resource='null' wst_resource='null'>
        </operation>
        <operation tag='PHASE35' description='PHASE35' version='6' auto_start='false' user_resource='null' wst_resource='null'>
        </operation>
        <operation tag='PHASE29' description='PHASE29' version='7' auto_start='false' user_resource='null' wst_resource='null'>
        </operation>
      </operations>
      <subproceduresLinked>
        <subprocedureLink tag='BPL976946' version='1' is_primary='1'>
        </subprocedureLink>
      </subproceduresLinked>
    </procedure>
  </procedures>
  <subprocedures>
    <subprocedure tag='BPL976946' version='1' description='BPL976946' state='6' effective='2024-03-12T00:36:49' expiration='' UId='123(Oliga-2022-2.qae.aspentech.com_1708411086784)' orig_version='1' sourceLanguage='806742544.CHK'>
      <suboperations>
        <suboperation tag='BPL976946' description='BPL976946' version='1' source='806742544_-219443355.CHK' web='true' manage='true' subdoc_tag='null' subdoc_ver='null'>
        </suboperation>
      </suboperations>
    </subprocedure>
  </subprocedures>
</template>
