<?xml version="1.0" encoding="UTF-8"?>
<template xmlns:xsi="http://www.w3.org/2001/XMLSchema-instance"
xsi:noNamespaceSchemaLocation='eschemaTemplate.xsd'>
<metadata tag='TEMP481813' description='asdasds' version='1' UId='123(ziru-s2022-3.qae.aspentech.com_1718872875163)' category='' solutionId='' user='qaone1' date='2024-06-25T01:23:33'/>
  <procedures>
    <procedure tag='RB481812' version='1' description='sdsdd' state='6' effective='2024-06-21T02:56:12' expiration='' UId='123(ziru-s2022-3.qae.aspentech.com_1712882597444)' orig_version='1' resPlan='null' resActv='null' source='951674605.CHK' pfcLevel='3' procType='null' batchArea='null' procTypeDesc='null'>
      <operations>
        <operation tag='PHASE17' description='PHASE17' version='1' auto_start='false' user_resource='null' wst_resource='null'>
        </operation>
      </operations>
      <subproceduresLinked>
        <subprocedureLink tag='B481813' version='1' is_primary='1'>
        </subprocedureLink>
      </subproceduresLinked>
    </procedure>
    <procedure tag='RPL481813' version='1' description='ddfsf' state='6' effective='2024-06-25T01:19:45' expiration='' UId='123(ziru-s2022-3.qae.aspentech.com_1718872875163)' orig_version='1' resPlan='null' resActv='null' source='1291417105.CHK' pfcLevel='3' procType='null' batchArea='null' procTypeDesc='null'>
      <operations>
        <operation tag='PHASE21' description='PHASE21' version='1' auto_start='false' user_resource='null' wst_resource='null'>
        </operation>
      </operations>
      <subproceduresLinked>
        <subprocedureLink tag='BPL481813_1' version='1' is_primary='1'>
        </subprocedureLink>
      </subproceduresLinked>
    </procedure>
  </procedures>
  <subprocedures>
    <subprocedure tag='B481813' version='1' description='wqqw' state='6' effective='2024-06-21T02:56:12' expiration='' UId='123(ziru-s2022-3.qae.aspentech.com_1712882597444)' orig_version='1' sourceLanguage='951654056.CHK'>
      <suboperations>
        <suboperation tag='IMPORT' description='ewwewe' version='1' source='951654056_951654062.CHK' web='true' manage='false' subdoc_tag='null' subdoc_ver='null'>
        </suboperation>
      </suboperations>
    </subprocedure>
    <subprocedure tag='BPL481813_1' version='1' description='test for case 481813' state='6' effective='2024-06-25T01:16:06' expiration='' UId='123(ziru-s2022-3.qae.aspentech.com_1718872875163)' orig_version='1' sourceLanguage='1291041737.CHK'>
      <suboperations>
        <suboperation tag='SQL_SELECT_ONE' description='sdsd' version='1' source='1291041737_951659603.CHK' web='true' manage='false' subdoc_tag='null' subdoc_ver='null'>
        </suboperation>
      </suboperations>
    </subprocedure>
    <subprocedure tag='BPL554188_1' version='1' description='test for case' state='6' effective='2024-06-25T00:55:53' expiration='' UId='123(ziru-s2022-3.qae.aspentech.com_1718872875163)' orig_version='1' sourceLanguage='1289864524.CHK'>
      <suboperations>
        <suboperation tag='IMPORT' description='dsddsd' version='1' source='1289864524_970025386.CHK' web='true' manage='false' subdoc_tag='null' subdoc_ver='null'>
        </suboperation>
      </suboperations>
    </subprocedure>
  </subprocedures>
</template>
