<?xml version="1.0" encoding="UTF-8"?>
<template xmlns:xsi="http://www.w3.org/2001/XMLSchema-instance"
xsi:noNamespaceSchemaLocation='eschemaTemplate.xsd'>
<metadata tag='TEMP909084' description='test' version='1' UId='123(ziru-s2022-1.qae.aspentech.com_1715133498724)' category='' solutionId='' user='qaone1' date='2024-06-05T23:56:59'/>
  <subprocedures>
    <subprocedure tag='BPL909084' version='1' description='test for case909084' state='0' effective='' expiration='' sourceLanguage='-355469546.CHK'>
      <suboperations>
        <suboperation tag='TESTBP' description='for test' version='1' source='-355469546_-355445513.CHK' web='true' manage='true' subdoc_tag='null' subdoc_ver='null'>
        </suboperation>
      </suboperations>
    </subprocedure>
  </subprocedures>
</template>
