<?xml version="1.0" encoding="UTF-8"?>
<template xmlns:xsi="http://www.w3.org/2001/XMLSchema-instance"
xsi:noNamespaceSchemaLocation='eschemaTemplate.xsd'>
<metadata tag='CREATEORDER' description='1' version='1' UId='.(Oliga-2022-2.qae.aspentech.com_1700100719334)' category='1' solutionId='1' user='qaone1' date='2024-01-04T07:46:36'/>
  <procedures>
    <procedure tag='TEST_RPL3' version='1' description='A' state='6' effective='2024-01-04T07:24:37' expiration='' UId='?(DUJI1.corp.aspentech.com_1567065091693)' orig_version='1' resPlan='null' resActv='null' source='-748934494.CHK' pfcLevel='3' procType='null' procTypeDesc='null'>
      <operations>
        <operation tag='PHASE22' description='PHASE22' version='1' auto_start='false' user_resource='null' wst_resource='null'>
        </operation>
      </operations>
      <subproceduresLinked>
        <subprocedureLink tag='TEST_BP1' version='1' is_primary='1'>
        </subprocedureLink>
      </subproceduresLinked>
    </procedure>
  </procedures>
  <subprocedures>
    <subprocedure tag='CREATEORDER' version='1' description='create 520 orders planed' state='0' effective='' expiration='' sourceLanguage='-748001236.CHK'>
      <suboperations>
        <suboperation tag='BP' description='a' version='1' source='-748001236_-748936505.CHK' web='true' manage='true' subdoc_tag='null' subdoc_ver='null'>
        </suboperation>
      </suboperations>
    </subprocedure>
    <subprocedure tag='TEST_BP1' version='1' description='A' state='6' effective='2024-01-04T07:24:37' expiration='' UId='?(dujiawei.rnd.aspentech.com_1561368373571)' orig_version='1' sourceLanguage='-748938908.CHK'>
      <suboperations>
        <suboperation tag='TEST_BP' description='A' version='1' source='-748938908_-748938905.CHK' web='true' manage='true' subdoc_tag='null' subdoc_ver='null'>
        </suboperation>
      </suboperations>
    </subprocedure>
  </subprocedures>
</template>
