<?xml version="1.0" encoding="UTF-8"?>
<template xmlns:xsi="http://www.w3.org/2001/XMLSchema-instance"
xsi:noNamespaceSchemaLocation='eschemaTemplate.xsd'>
<metadata tag='TEMP432386' description='sddsds' version='1' UId='123(ziru-s2022-1.qae.aspentech.com_1715133498724)' category='' solutionId='' user='qaone1' date='2024-05-16T01:56:20'/>
  <subprocedures>
    <subprocedure tag='BPL432386' version='1' description='wewererer' state='0' effective='' expiration='' sourceLanguage='2063297407.CHK'>
      <suboperations>
        <suboperation tag='CREATE' description='test' version='1' source='2063297407_1975561906.CHK' web='false' manage='false' subdoc_tag='null' subdoc_ver='null'>
        </suboperation>
        <suboperation tag='IMPORT' description='test' version='2' source='2063297407_1975569901.CHK' web='false' manage='false' subdoc_tag='null' subdoc_ver='null'>
        </suboperation>
        <suboperation tag='IMPORT2' description='test' version='3' source='2063297407_1975571904.CHK' web='false' manage='false' subdoc_tag='null' subdoc_ver='null'>
        </suboperation>
      </suboperations>
    </subprocedure>
  </subprocedures>
</template>
