<?xml version="1.0" encoding="UTF-8"?>
<template xmlns:xsi="http://www.w3.org/2001/XMLSchema-instance"
xsi:noNamespaceSchemaLocation='eschemaTemplate.xsd'>
<metadata tag='TEMP41512' description='1' version='1' UId='123(ziru-s2022-3.qae.aspentech.com_1718600788564)' category='1' solutionId='1' user='qaone1' date='2024-06-20T06:25:26'/>
  <procedures>
    <procedure tag='CREATEORDER' version='1' description='CREATEORDER' state='6' effective='2024-06-20T06:19:11' expiration='' UId='123(ziru-s2022-3.qae.aspentech.com_1718600788564)' orig_version='1' resPlan='null' resActv='null' source='877391920.CHK' pfcLevel='3' procType='null' batchArea='null' procTypeDesc='null'>
      <operations>
        <operation tag='PHASE17' description='PHASE17' version='1' auto_start='false' user_resource='null' wst_resource='null'>
        </operation>
      </operations>
      <subproceduresLinked>
        <subprocedureLink tag='CREATEORDER' version='1' is_primary='1'>
        </subprocedureLink>
      </subproceduresLinked>
    </procedure>
    <procedure tag='RPL41512' version='1' description='test' state='0' effective='' expiration='' resPlan='null' resActv='null' source='876617794.CHK' pfcLevel='3' procType='null' batchArea='null' procTypeDesc='null'>
      <operations>
        <operation tag='PHASE17' description='PHASE17' version='1' auto_start='false' user_resource='null' wst_resource='null'>
        </operation>
      </operations>
      <subproceduresLinked>
        <subprocedureLink tag='CREATEORDER' version='1' is_primary='1'>
        </subprocedureLink>
      </subproceduresLinked>
    </procedure>
  </procedures>
  <subprocedures>
    <subprocedure tag='CREATEORDER' version='1' description='test' state='6' effective='2024-06-19T07:22:21' expiration='' UId='b14-s2012-3(b14-s2012-3.dev.aspentech.com_1449469911356)' orig_version='1' sourceLanguage='794823487.CHK'>
      <suboperations>
        <suboperation tag='TEST' description='test' version='1' source='794823487_794823510.CHK' web='true' manage='true' subdoc_tag='null' subdoc_ver='null'>
        </suboperation>
      </suboperations>
    </subprocedure>
  </subprocedures>
</template>
