<?xml version="1.0" encoding="UTF-8"?>
<template xmlns:xsi="http://www.w3.org/2001/XMLSchema-instance"
xsi:noNamespaceSchemaLocation='eschemaTemplate.xsd'>
<metadata tag='TEMP41512' description='test' version='1' UId='123(ziru-s2022-1.qae.aspentech.com_1715133498724)' category='' solutionId='' user='qaone1' date='2024-05-30T01:07:09'/>
  <procedures>
    <procedure tag='RPL41512' version='1' description='test' state='0' effective='' expiration='' resPlan='null' resActv='null' source='-955802726.CHK' pfcLevel='3' procType='null' batchArea='null' procTypeDesc='null'>
      <subproceduresLinked>
        <subprocedureLink tag='CREATEORDER' version='1' is_primary='1'>
        </subprocedureLink>
      </subproceduresLinked>
    </procedure>
  </procedures>
  <subprocedures>
    <subprocedure tag='CREATEORDER' version='1' description='test' state='6' effective='2024-05-30T00:49:34' expiration='' UId='b14-s2012-3(b14-s2012-3.dev.aspentech.com_1449469911356)' orig_version='1' sourceLanguage='-956744336.CHK'>
      <suboperations>
        <suboperation tag='TEST' description='test' version='1' source='-956744336_-956744331.CHK' web='true' manage='true' subdoc_tag='null' subdoc_ver='null'>
        </suboperation>
      </suboperations>
    </subprocedure>
  </subprocedures>
</template>
