<?xml version="1.0" encoding="UTF-8"?>
<template xmlns:xsi="http://www.w3.org/2001/XMLSchema-instance"
xsi:noNamespaceSchemaLocation='eschemaTemplate.xsd'>
<metadata tag='CASE962338' description='1' version='1' UId='123(Oliga-2022-2.qae.aspentech.com_1708411086784)' category='1' solutionId='1' user='qaone1' date='2024-02-28T06:58:59'/>
  <procedures>
    <procedure tag='RPL962338' version='1' description='API' state='6' effective='2024-02-28T06:58:20' expiration='' UId='123(Oliga-2022-2.qae.aspentech.com_1708411086784)' orig_version='1' resPlan='null' resActv='null' source='-293527714.CHK' pfcLevel='3' procType='null' batchArea='null' procTypeDesc='null'>
      <operations>
        <operation tag='PHASE17' description='PHASE17' version='1' auto_start='false' user_resource='null' wst_resource='null'>
        </operation>
      </operations>
      <subproceduresLinked>
        <subprocedureLink tag='BPL962338' version='1' is_primary='1'>
        </subprocedureLink>
      </subproceduresLinked>
    </procedure>
  </procedures>
  <subprocedures>
    <subprocedure tag='BPL962338' version='1' description='API' state='6' effective='2024-02-28T06:57:13' expiration='' UId='123(Oliga-2022-2.qae.aspentech.com_1708411086784)' orig_version='1' sourceLanguage='-293643962.CHK'>
      <suboperations>
        <suboperation tag='NUM2STR' description='NUM2STR' version='1' source='-293643962_-293625034.CHK' web='true' manage='true' subdoc_tag='null' subdoc_ver='null'>
        </suboperation>
      </suboperations>
    </subprocedure>
  </subprocedures>
</template>
