<?xml version="1.0" encoding="UTF-8"?>
<template xmlns:xsi="http://www.w3.org/2001/XMLSchema-instance"
xsi:noNamespaceSchemaLocation='eschemaTemplate.xsd'>
<metadata tag='TEMP919004' description='sa' version='1' UId='123(ziru-2022-3.qae.aspentech.com_1708477652648)' category='' solutionId='' user='qaone1' date='2024-03-15T01:06:01'/>
  <procedures>
    <procedure tag='RPL919004' version='1' description='test for case919004' state='6' effective='2024-03-15T00:44:38' expiration='' UId='123(ziru-2022-3.qae.aspentech.com_1708477652648)' orig_version='1' resPlan='null' resActv='null' source='1066452280.CHK' pfcLevel='3' procType='null' batchArea='null' procTypeDesc='null'>
      <operations>
        <operation tag='PHASE17' description='PHASE17' version='1' auto_start='false' user_resource='null' wst_resource='null'>
        </operation>
      </operations>
      <subproceduresLinked>
        <subprocedureLink tag='BPL919004' version='1' is_primary='1'>
        </subprocedureLink>
      </subproceduresLinked>
    </procedure>
  </procedures>
  <subprocedures>
    <subprocedure tag='BPL919004' version='1' description='test for case919004' state='6' effective='2024-03-15T00:43:22' expiration='' UId='123(ziru-2022-3.qae.aspentech.com_1708477652648)' orig_version='1' sourceLanguage='1065149705.CHK'>
      <suboperations>
        <suboperation tag='IMPORT' description='edee' version='1' source='1065149705_1066373637.CHK' web='true' manage='false' subdoc_tag='null' subdoc_ver='null'>
        </suboperation>
      </suboperations>
    </subprocedure>
  </subprocedures>
</template>
