<?xml version="1.0" encoding="UTF-8"?>
<template xmlns:xsi="http://www.w3.org/2001/XMLSchema-instance"
xsi:noNamespaceSchemaLocation='eschemaTemplate.xsd'>
<metadata tag='EVENTLOG510' description='1' version='1' UId='123(Oliga-2022-2.qae.aspentech.com_1706061772196)' category='1' solutionId='1' user='qaone1' date='2024-01-31T06:36:50'/>
  <subprocedures>
    <subprocedure tag='EVENTLOG510' version='1' description='EventLog' state='0' effective='' expiration='' sourceLanguage='1580957053.CHK'>
      <suboperations>
        <suboperation tag='EVENTLOG' description='EventLog' version='1' source='1580957053_1580957055.CHK' web='true' manage='true' subdoc_tag='null' subdoc_ver='null'>
        </suboperation>
      </suboperations>
    </subprocedure>
  </subprocedures>
</template>
