<?xml version="1.0" encoding="UTF-8"?>
<template xmlns:xsi="http://www.w3.org/2001/XMLSchema-instance"
xsi:noNamespaceSchemaLocation='eschemaTemplate.xsd'>
<metadata tag='EVENTLOG510' description='EVENTLOG510' version='1' UId='.(Oliga-2022-2.qae.aspentech.com_1700100719334)' category='1' solutionId='1' user='qaone1' date='2023-11-21T08:17:32'/>
  <subprocedures>
    <subprocedure tag='EVENTLOG510' version='1' description='EventLog' state='0' effective='' expiration='' sourceLanguage='-252855068.CHK'>
      <suboperations>
        <suboperation tag='EVENTLOG' description='EventLog' version='1' source='-252855068_-257195572.CHK' web='true' manage='true' subdoc_tag='null' subdoc_ver='null'>
        </suboperation>
      </suboperations>
    </subprocedure>
  </subprocedures>
</template>
