<?xml version="1.0" encoding="UTF-8"?>
<template xmlns:xsi="http://www.w3.org/2001/XMLSchema-instance"
xsi:noNamespaceSchemaLocation='eschemaTemplate.xsd'>
<metadata tag='TEMP749627' description='for test' version='1' UId='123(ziru-2022-1.qae.aspentech.com_1702943217225)' category='' solutionId='' user='qaone1' date='2023-12-19T02:11:31'/>
  <procedures>
    <procedure tag='RPL749627' version='1' description='test' state='6' effective='2023-12-19T02:09:34' expiration='' UId='123(ziru-2022-1.qae.aspentech.com_1702943217225)' orig_version='1' resPlan='null' resActv='null' source='2144652275.CHK' pfcLevel='3' procType='null' procTypeDesc='null'>
      <operations>
        <operation tag='PHASE17' description='PHASE17' version='1' auto_start='false' user_resource='null' wst_resource='null'>
        </operation>
      </operations>
      <subproceduresLinked>
        <subprocedureLink tag='BPL749627' version='1' is_primary='1'>
        </subprocedureLink>
      </subproceduresLinked>
    </procedure>
  </procedures>
  <subprocedures>
    <subprocedure tag='BPL749627' version='1' description='test for 749627' state='6' effective='2023-12-19T02:00:41' expiration='' UId='123(ziru-2022-1.qae.aspentech.com_1702943217225)' orig_version='1' sourceLanguage='2144094599.CHK'>
      <suboperations>
        <suboperation tag='TESTBP' description='test' version='1' source='2144094599_2144120174.CHK' web='true' manage='false' subdoc_tag='null' subdoc_ver='null'>
        </suboperation>
      </suboperations>
    </subprocedure>
  </subprocedures>
</template>
