<?xml version="1.0" encoding="UTF-8"?>
<template xmlns:xsi="http://www.w3.org/2001/XMLSchema-instance"
xsi:noNamespaceSchemaLocation='eschemaTemplate.xsd'>
<metadata tag='TEMP749627' description='1' version='1' UId='123(Oliga-2022-2.qae.aspentech.com_1706061772196)' category='1' solutionId='1' user='qaone1' date='2024-01-31T06:42:17'/>
  <procedures>
    <procedure tag='RPL749627' version='1' description='test' state='6' effective='2024-01-31T06:41:02' expiration='' UId='123(ziru-2022-1.qae.aspentech.com_1702943217225)' orig_version='1' resPlan='null' resActv='null' source='1581247498.CHK' pfcLevel='3' procType='null' procTypeDesc='null'>
      <operations>
        <operation tag='PHASE17' description='PHASE17' version='1' auto_start='false' user_resource='null' wst_resource='null'>
        </operation>
      </operations>
      <subproceduresLinked>
        <subprocedureLink tag='BPL749627' version='1' is_primary='1'>
        </subprocedureLink>
      </subproceduresLinked>
    </procedure>
  </procedures>
  <subprocedures>
    <subprocedure tag='BPL749627' version='1' description='test for 749627' state='6' effective='2024-01-31T06:41:02' expiration='' UId='123(ziru-2022-1.qae.aspentech.com_1702943217225)' orig_version='1' sourceLanguage='1581245901.CHK'>
      <suboperations>
        <suboperation tag='TESTBP' description='test' version='1' source='1581245901_1581245903.CHK' web='true' manage='false' subdoc_tag='null' subdoc_ver='null'>
        </suboperation>
      </suboperations>
    </subprocedure>
  </subprocedures>
</template>
