<?xml version="1.0" encoding="UTF-8"?>
<template xmlns:xsi="http://www.w3.org/2001/XMLSchema-instance"
xsi:noNamespaceSchemaLocation='eschemaTemplate.xsd'>
<metadata tag='CASE628365' description='1' version='1' UId='123(Oliga-2022-2.qae.aspentech.com_1713852066496)' category='1' solutionId='1' user='qaone1' date='2024-05-08T07:29:52'/>
  <procedures>
    <procedure tag='RPL628365' version='2' description='RPL628365' state='6' effective='2024-05-08T06:41:08' expiration='' UId='123(Oliga-2022-2.qae.aspentech.com_1713852066496)' orig_version='2' resPlan='null' resActv='null' source='1458490959.CHK' pfcLevel='3' procType='null' batchArea='null' procTypeDesc='null'>
      <operations>
        <operation tag='PHASE22' description='PHASE22' version='1' auto_start='false' user_resource='null' wst_resource='null'>
        </operation>
        <operation tag='PHASE28' description='PHASE28' version='2' auto_start='false' user_resource='null' wst_resource='null'>
        </operation>
        <operation tag='PHASE25' description='PHASE25' version='3' auto_start='false' user_resource='null' wst_resource='null'>
        </operation>
      </operations>
      <subproceduresLinked>
        <subprocedureLink tag='BPL628365' version='1' is_primary='1'>
        </subprocedureLink>
      </subproceduresLinked>
    </procedure>
  </procedures>
  <subprocedures>
    <subprocedure tag='BPL628365' version='1' description='BPL628365' state='6' effective='2024-05-08T05:34:30' expiration='' UId='123(Oliga-2022-2.qae.aspentech.com_1713852066496)' orig_version='1' sourceLanguage='1453833482.CHK'>
      <suboperations>
        <suboperation tag='PHASE1' description='Phase1' version='1' source='1453833482_1453187312.CHK' web='true' manage='true' subdoc_tag='null' subdoc_ver='null'>
        </suboperation>
        <suboperation tag='PHASE2' description='Phase2' version='2' source='1453833482_1453871833.CHK' web='true' manage='true' subdoc_tag='null' subdoc_ver='null'>
        </suboperation>
      </suboperations>
    </subprocedure>
  </subprocedures>
</template>
