<?xml version="1.0" encoding="UTF-8"?>
<template xmlns:xsi="http://www.w3.org/2001/XMLSchema-instance"
xsi:noNamespaceSchemaLocation='eschemaTemplate.xsd'>
<metadata tag='BPL916388' description='BPL916388' version='1' UId='.(Oliga-2022-2.qae.aspentech.com_1700100719334)' category='1' solutionId='1' user='qaone1' date='2023-12-19T02:52:02'/>
  <procedures>
    <procedure tag='RPL916388' version='1' description='RPL916388' state='5' effective='2023-12-19T02:50:44' expiration='' UId='.(Oliga-2022-2.qae.aspentech.com_1700100719334)' orig_version='1' resPlan='null' resActv='null' source='2146635802.CHK' pfcLevel='3' procType='null' procTypeDesc='null'>
      <operations>
        <operation tag='PHASE17' description='PHASE17' version='1' auto_start='false' user_resource='null' wst_resource='null'>
        </operation>
      </operations>
      <subproceduresLinked>
        <subprocedureLink tag='BPL916388' version='1' is_primary='1'>
        </subprocedureLink>
      </subproceduresLinked>
    </procedure>
  </procedures>
  <subprocedures>
    <subprocedure tag='BPL916388' version='1' description='BPL916388' state='6' effective='2023-12-19T02:40:54' expiration='' UId='.(Oliga-2022-2.qae.aspentech.com_1700100719334)' orig_version='1' sourceLanguage='2141484978.CHK'>
      <suboperations>
        <suboperation tag='SOAPAPI' description='API' version='1' source='2141484978_2141524378.CHK' web='true' manage='true' subdoc_tag='null' subdoc_ver='null'>
        </suboperation>
      </suboperations>
    </subprocedure>
  </subprocedures>
</template>
