<?xml version="1.0" encoding="UTF-8"?>
<template xmlns:xsi="http://www.w3.org/2001/XMLSchema-instance"
xsi:noNamespaceSchemaLocation='eschemaTemplate.xsd'>
<metadata tag='BPL916388' description='1' version='1' UId='123(Oliga-2022-2.qae.aspentech.com_1706061772196)' category='1' solutionId='1' user='qaone1' date='2024-01-31T06:08:50'/>
  <procedures>
    <procedure tag='RPL916388' version='1' description='RPL916388' state='6' effective='2024-01-24T06:32:44' expiration='' UId='.(Oliga-2022-2.qae.aspentech.com_1700100719334)' orig_version='1' resPlan='null' resActv='null' source='975949502.CHK' pfcLevel='3' procType='null' procTypeDesc='null'>
      <operations>
        <operation tag='PHASE17' description='PHASE17' version='1' auto_start='false' user_resource='null' wst_resource='null'>
        </operation>
      </operations>
      <subproceduresLinked>
        <subprocedureLink tag='BPL916388' version='1' is_primary='1'>
        </subprocedureLink>
      </subproceduresLinked>
    </procedure>
  </procedures>
  <subprocedures>
    <subprocedure tag='BPL916388' version='1' description='BPL916388' state='6' effective='2024-01-24T06:32:44' expiration='' UId='.(Oliga-2022-2.qae.aspentech.com_1700100719334)' orig_version='1' sourceLanguage='975948106.CHK'>
      <suboperations>
        <suboperation tag='SOAPAPI' description='API' version='1' source='975948106_975948113.CHK' web='true' manage='true' subdoc_tag='null' subdoc_ver='null'>
        </suboperation>
      </suboperations>
    </subprocedure>
  </subprocedures>
</template>
