<?xml version="1.0" encoding="UTF-8"?>
<template xmlns:xsi="http://www.w3.org/2001/XMLSchema-instance"
xsi:noNamespaceSchemaLocation='eschemaTemplate.xsd'>
<metadata tag='CASE629827' description='1' version='1' UId='123(Oliga-2022-2.qae.aspentech.com_1713852066496)' category='1' solutionId='1' user='qaone1' date='2024-05-09T02:26:48'/>
  <procedures>
    <procedure tag='RPL629827' version='1' description='Footer' state='6' effective='2024-05-09T02:24:33' expiration='' UId='123(Oliga-2022-2.qae.aspentech.com_1713852066496)' orig_version='1' resPlan='null' resActv='null' source='1529403907.CHK' pfcLevel='3' procType='null' batchArea='null' procTypeDesc='null'>
      <operations>
        <operation tag='PHASE25' description='PHASE25' version='1' auto_start='false' user_resource='null' wst_resource='null'>
        </operation>
      </operations>
      <subproceduresLinked>
        <subprocedureLink tag='BPL629827' version='1' is_primary='1'>
        </subprocedureLink>
      </subproceduresLinked>
    </procedure>
  </procedures>
  <subprocedures>
    <subprocedure tag='BPL629827' version='1' description='Footer' state='6' effective='2024-05-09T02:22:09' expiration='' UId='123(Oliga-2022-2.qae.aspentech.com_1713852066496)' orig_version='1' sourceLanguage='1529337757.CHK'>
      <suboperations>
        <suboperation tag='FOOTER1' description='11' version='1' source='1529337757_1524931976.CHK' web='true' manage='true' subdoc_tag='null' subdoc_ver='null'>
        </suboperation>
      </suboperations>
    </subprocedure>
  </subprocedures>
</template>
