<?xml version="1.0" encoding="UTF-8"?>
<template xmlns:xsi="http://www.w3.org/2001/XMLSchema-instance"
xsi:noNamespaceSchemaLocation='eschemaTemplate.xsd'>
<metadata tag='AUTOSTART' description='3' version='3' UId='.(Oliga-2022-2.qae.aspentech.com_1700100719334)' category='3' solutionId='3' user='qaone1' date='2024-01-09T06:44:10'/>
  <procedures>
    <procedure tag='AUTOSTART' version='3' description='Autostart' state='6' effective='2024-01-09T06:33:11' expiration='' UId='.(Oliga-2022-2.qae.aspentech.com_1700100719334)' orig_version='3' resPlan='null' resActv='null' source='-320063141.CHK' pfcLevel='3' procType='null' procTypeDesc='null'>
      <operations>
        <operation tag='PHASE17' description='PHASE17' version='1' auto_start='false' user_resource='null' wst_resource='null'>
        </operation>
        <operation tag='PHASE25' description='PHASE25' version='2' auto_start='true' user_resource='null' wst_resource='null'>
        </operation>
        <operation tag='PHASE31' description='PHASE31' version='3' auto_start='true' user_resource='null' wst_resource='null'>
        </operation>
        <operation tag='PHASE37' description='PHASE37' version='4' auto_start='true' user_resource='null' wst_resource='null'>
        </operation>
        <operation tag='PHASE34' description='PHASE34' version='5' auto_start='true' user_resource='null' wst_resource='null'>
        </operation>
        <operation tag='PHASE28' description='PHASE28' version='6' auto_start='true' user_resource='null' wst_resource='null'>
        </operation>
      </operations>
      <subproceduresLinked>
        <subprocedureLink tag='AUTOSTART' version='1' is_primary='1'>
        </subprocedureLink>
      </subproceduresLinked>
    </procedure>
  </procedures>
  <subprocedures>
    <subprocedure tag='AUTOSTART' version='1' description='autostart' state='6' effective='2024-01-09T03:06:01' expiration='' UId='oliga-2019-5(Oliga-2019-5.qae.aspentech.com_1655359239920)' orig_version='1' sourceLanguage='-332454573.CHK'>
      <suboperations>
        <suboperation tag='AUTOSTART' description='autostart' version='1' source='-332454573_-332454565.CHK' web='true' manage='true' subdoc_tag='null' subdoc_ver='null'>
        </suboperation>
      </suboperations>
    </subprocedure>
  </subprocedures>
</template>
