<?xml version="1.0" encoding="UTF-8"?>
<template xmlns:xsi="http://www.w3.org/2001/XMLSchema-instance"
xsi:noNamespaceSchemaLocation='eschemaTemplate.xsd'>
<metadata tag='EVENTLOG' description='create event log' version='1' UId='.(Oliga-2022-2.qae.aspentech.com_1696904432016)' category='' solutionId='' user='qaone1' date='2023-10-24T08:26:58'/>
  <subprocedures>
    <subprocedure tag='EVENTLOG' version='1' description='EventLog' state='0' effective='' expiration='' sourceLanguage='1619468387.CHK'>
      <suboperations>
        <suboperation tag='EVENTLOG' description='EventLog' version='1' source='1619468387_1619478318.CHK' web='true' manage='true' subdoc_tag='null' subdoc_ver='null'>
        </suboperation>
      </suboperations>
    </subprocedure>
  </subprocedures>
</template>
