<?xml version="1.0" encoding="UTF-8"?>
<template xmlns:xsi="http://www.w3.org/2001/XMLSchema-instance"
xsi:noNamespaceSchemaLocation='eschemaTemplate.xsd'>
<metadata tag='TEMP554188' description='qwqwqw' version='1' UId='123(ziru-s2022-3.qae.aspentech.com_1718872875163)' category='' solutionId='' user='qaone1' date='2024-06-25T01:24:22'/>
  <subprocedures>
    <subprocedure tag='BPL554188_1' version='1' description='test for case' state='6' effective='2024-06-25T00:55:53' expiration='' UId='123(ziru-s2022-3.qae.aspentech.com_1718872875163)' orig_version='1' sourceLanguage='1289864524.CHK'>
      <suboperations>
        <suboperation tag='IMPORT' description='dsddsd' version='1' source='1289864524_970025386.CHK' web='true' manage='false' subdoc_tag='null' subdoc_ver='null'>
        </suboperation>
      </suboperations>
    </subprocedure>
  </subprocedures>
</template>
