<?xml version="1.0" encoding="UTF-8"?>
<template xmlns:xsi="http://www.w3.org/2001/XMLSchema-instance"
xsi:noNamespaceSchemaLocation='eschemaTemplate.xsd'>
<metadata tag='TEMP554188' description='test' version='1' UId='123(ziru-s2022-1.qae.aspentech.com_1715133498724)' category='' solutionId='' user='qaone1' date='2024-05-15T02:45:28'/>
  <subprocedures>
    <subprocedure tag='BPL554188' version='1' description='test for case' state='6' effective='2024-05-15T02:43:15' expiration='' UId='123(ziru-s2022-1.qae.aspentech.com_1715133498724)' orig_version='1' sourceLanguage='2047849243.CHK'>
      <suboperations>
        <suboperation tag='IMPORT' description='dsddsd' version='1' source='2047849243_2047865564.CHK' web='true' manage='false' subdoc_tag='null' subdoc_ver='null'>
        </suboperation>
      </suboperations>
    </subprocedure>
  </subprocedures>
</template>
