<?xml version="1.0" encoding="UTF-8"?>
<template xmlns:xsi="http://www.w3.org/2001/XMLSchema-instance"
xsi:noNamespaceSchemaLocation='eschemaTemplate.xsd'>
<metadata tag='TEMP213769' description='dsd' version='2' UId='123(ziru-s2022-1.qae.aspentech.com_1715133498724)' category='' solutionId='' user='qaone1' date='2024-05-28T02:12:40'/>
  <procedures>
    <procedure tag='RPL213769' version='1' description='asas' state='0' effective='' expiration='' resPlan='null' resActv='null' source='-1125005384.CHK' pfcLevel='3' procType='null' batchArea='null' procTypeDesc='null'>
      <associatedDocuments>
        <document tag='DOC' version='1' description='sddssd' state='0' effective='' expiration='' source='-1125005384_-1124714921.CHK'>
        </document>
      </associatedDocuments>
      <subproceduresLinked>
        <subprocedureLink tag='BPL213769' version='1' is_primary='1'>
        </subprocedureLink>
      </subproceduresLinked>
    </procedure>
  </procedures>
  <subprocedures>
    <subprocedure tag='BPL213769' version='1' description='Test for' state='9' effective='' expiration='' sourceLanguage='-1125027461.CHK'>
      <suboperations>
        <suboperation tag='FIRST_TEST' description='3PARAMS Firest test long description test the dispaly of the description' version='1' source='-1125027461_-1125019391.CHK' web='true' manage='true' subdoc_tag='null' subdoc_ver='null'>
        </suboperation>
        <suboperation tag='SECOND_TEST' description='BP second test long description test the dispaly of the description' version='2' source='-1125027461_-1125013389.CHK' web='true' manage='true' subdoc_tag='null' subdoc_ver='null'>
        </suboperation>
        <suboperation tag='THIRD_TEST' description='BP2 third test long description test the dispaly of the description' version='3' source='-1125027461_-1125009395.CHK' web='true' manage='true' subdoc_tag='null' subdoc_ver='null'>
        </suboperation>
        <suboperation tag='FOURTH_TEST' description='Fourth test long description test the dispaly of the description' version='4' source='-1125027461_-1125015397.CHK' web='true' manage='true' subdoc_tag='null' subdoc_ver='null'>
        </suboperation>
        <suboperation tag='FITHTH_TEST_XY' description='test long description test the dispaly of the description' version='5' source='-1125027461_-1125017391.CHK' web='true' manage='true' subdoc_tag='null' subdoc_ver='null'>
        </suboperation>
        <suboperation tag='SIXTH_TEST' description='test long description test the dispaly of the description' version='6' source='-1125027461_-1125011392.CHK' web='true' manage='true' subdoc_tag='null' subdoc_ver='null'>
        </suboperation>
        <suboperation tag='77777_TEST' description='test long description test the dispaly of the description' version='7' source='-1125027461_-1125025388.CHK' web='true' manage='true' subdoc_tag='null' subdoc_ver='null'>
        </suboperation>
        <suboperation tag='88888_TEST' description='test long description test the dispaly of the description' version='8' source='-1125027461_-1125023398.CHK' web='true' manage='true' subdoc_tag='null' subdoc_ver='null'>
        </suboperation>
        <suboperation tag='99999_TEST' description='test long description test the dispaly of the description' version='9' source='-1125027461_-1125021388.CHK' web='true' manage='true' subdoc_tag='null' subdoc_ver='null'>
        </suboperation>
        <suboperation tag='100000_TEST' description='test long description test the dispaly of the description' version='10' source='-1125027461_-1125027394.CHK' web='true' manage='true' subdoc_tag='null' subdoc_ver='null'>
        </suboperation>
      </suboperations>
      <scripts>
        <script tag='TEST' description='test' version='1' source='-1125027461_-1125007389.CHK'>
        </script>
      </scripts>
      <associatedDocuments>
        <document tag='SUBDOC' version='1' description='asasas' state='0' effective='' expiration='' source='-1125027461_-1124785429.CHK'>
        </document>
      </associatedDocuments>
    </subprocedure>
  </subprocedures>
</template>
