<?xml version="1.0" encoding="UTF-8"?>
<template xmlns:xsi="http://www.w3.org/2001/XMLSchema-instance"
xsi:noNamespaceSchemaLocation='eschemaTemplate.xsd'>
<metadata tag='CASE1002790' description='1' version='1' UId='123(Oliga-2022-2.qae.aspentech.com_1713852066496)' category='1' solutionId='1' user='qaone1' date='2024-04-24T01:16:13'/>
  <procedures>
    <procedure tag='RPL1002790' version='1' description='value' state='6' effective='2024-04-24T01:11:21' expiration='' UId='123(Oliga-2022-2.qae.aspentech.com_1713852066496)' orig_version='1' resPlan='null' resActv='null' source='229085399.CHK' pfcLevel='3' procType='null' batchArea='null' procTypeDesc='null'>
      <operations>
        <operation tag='PHASE17' description='PHASE17' version='1' auto_start='false' user_resource='null' wst_resource='null'>
        </operation>
      </operations>
      <subproceduresLinked>
        <subprocedureLink tag='BPL1002790' version='1' is_primary='1'>
        </subprocedureLink>
      </subproceduresLinked>
    </procedure>
  </procedures>
  <subprocedures>
    <subprocedure tag='BPL1002790' version='1' description='Value test' state='6' effective='2024-04-24T01:10:16' expiration='' UId='123(Oliga-2022-2.qae.aspentech.com_1713852066496)' orig_version='1' sourceLanguage='228292964.CHK'>
      <suboperations>
        <suboperation tag='VALUE' description='test' version='1' source='228292964_228640870.CHK' web='true' manage='true' subdoc_tag='null' subdoc_ver='null'>
        </suboperation>
      </suboperations>
    </subprocedure>
  </subprocedures>
</template>
