<?xml version="1.0" encoding="UTF-8"?>
<template xmlns:xsi="http://www.w3.org/2001/XMLSchema-instance"
xsi:noNamespaceSchemaLocation='eschemaTemplate.xsd'>
<metadata tag='TEMP43623' description='for test' version='1' UId='123(ziru-s2022-1.qae.aspentech.com_1715133498724)' category='' solutionId='' user='qaone1' date='2024-05-14T07:06:43'/>
  <masterRecipes>
    <masterRecipe tag='MR43623' version='1' description='sddas' state='0' effective='' expiration='' resPlan='null' resActv='null' RPL_tag='FOR_STATUS' RPL_ver='1'>
      <mrParams>
        <mrParam tag='PHASE27_A' version='0' value='{Yes,No}' resPlan='' resActv=''>
        </mrParam>
        <mrParam tag='PHASE27_B' version='1' value='{1,2,34,234}' resPlan='' resActv=''>
        </mrParam>
        <mrParam tag='PHASE27_C' version='2' value='{&quot;test&quot;}' resPlan='' resActv=''>
        </mrParam>
        <mrParam tag='PHASE27_D' version='3' value='{now()}' resPlan='' resActv=''>
        </mrParam>
        <mrParam tag='PHASE33_TEMP' version='4' value='70' resPlan='' resActv=''>
        </mrParam>
        <mrParam tag='PHASE33_VOL' version='5' value='2.5' resPlan='' resActv=''>
        </mrParam>
        <mrParam tag='PHASE33_COLOR' version='6' value='&quot;yellow&quot;' resPlan='' resActv=''>
        </mrParam>
        <mrParam tag='PHASE30_TEMP' version='7' value='70' resPlan='' resActv=''>
        </mrParam>
        <mrParam tag='PHASE30_VOL' version='8' value='2.5' resPlan='' resActv=''>
        </mrParam>
        <mrParam tag='PHASE30_COLOR' version='9' value='&quot;yellow&quot;' resPlan='' resActv=''>
        </mrParam>
        <mrParam tag='PHASE36_TEMP' version='10' value='70' resPlan='' resActv=''>
        </mrParam>
        <mrParam tag='PHASE36_VOL' version='11' value='2.5' resPlan='' resActv=''>
        </mrParam>
        <mrParam tag='PHASE36_COLOR' version='12' value='&quot;yellow&quot;' resPlan='' resActv=''>
        </mrParam>
        <mrParam tag='PHASE39_TEMP' version='13' value='70' resPlan='' resActv=''>
        </mrParam>
        <mrParam tag='PHASE39_VOL' version='14' value='2.5' resPlan='' resActv=''>
        </mrParam>
        <mrParam tag='PHASE39_COLOR' version='15' value='&quot;yellow&quot;' resPlan='' resActv=''>
        </mrParam>
        <mrParam tag='PHASE45_TEMP' version='16' value='70' resPlan='' resActv=''>
        </mrParam>
        <mrParam tag='PHASE45_VOL' version='17' value='2.5' resPlan='' resActv=''>
        </mrParam>
        <mrParam tag='PHASE45_COLOR' version='18' value='&quot;yellow&quot;' resPlan='' resActv=''>
        </mrParam>
        <mrParam tag='PHASE55_A' version='19' value='{Yes,No}' resPlan='' resActv=''>
        </mrParam>
        <mrParam tag='PHASE55_B' version='20' value='{1,2,34,234}' resPlan='' resActv=''>
        </mrParam>
        <mrParam tag='PHASE55_C' version='21' value='{&quot;test&quot;}' resPlan='' resActv=''>
        </mrParam>
        <mrParam tag='PHASE55_D' version='22' value='{now()}' resPlan='' resActv=''>
        </mrParam>
        <mrParam tag='PHASE58_TEMP' version='23' value='70' resPlan='' resActv=''>
        </mrParam>
        <mrParam tag='PHASE58_VOL' version='24' value='2.5' resPlan='' resActv=''>
        </mrParam>
        <mrParam tag='PHASE58_COLOR' version='25' value='&quot;yellow&quot;' resPlan='' resActv=''>
        </mrParam>
        <mrParam tag='PHASE61_TEMP' version='26' value='70' resPlan='' resActv=''>
        </mrParam>
        <mrParam tag='PHASE61_VOL' version='27' value='2.5' resPlan='' resActv=''>
        </mrParam>
        <mrParam tag='PHASE61_COLOR' version='28' value='&quot;yellow&quot;' resPlan='' resActv=''>
        </mrParam>
        <mrParam tag='PHASE64_TEMP' version='29' value='70' resPlan='' resActv=''>
        </mrParam>
        <mrParam tag='PHASE64_VOL' version='30' value='2.5' resPlan='' resActv=''>
        </mrParam>
        <mrParam tag='PHASE64_COLOR' version='31' value='&quot;yellow&quot;' resPlan='' resActv=''>
        </mrParam>
        <mrParam tag='PHASE67_TEMP' version='32' value='70' resPlan='' resActv=''>
        </mrParam>
        <mrParam tag='PHASE67_VOL' version='33' value='2.5' resPlan='' resActv=''>
        </mrParam>
        <mrParam tag='PHASE67_COLOR' version='34' value='&quot;yellow&quot;' resPlan='' resActv=''>
        </mrParam>
        <mrParam tag='PHASE73_TEMP' version='35' value='70' resPlan='' resActv=''>
        </mrParam>
        <mrParam tag='PHASE73_VOL' version='36' value='2.5' resPlan='' resActv=''>
        </mrParam>
        <mrParam tag='PHASE73_COLOR' version='37' value='&quot;yellow&quot;' resPlan='' resActv=''>
        </mrParam>
      </mrParams>
    </masterRecipe>
  </masterRecipes>
  <procedures>
    <procedure tag='FOR_STATUS' version='1' description='test for icon status' state='6' effective='2024-05-14T06:18:07' expiration='' UId='123(Oliga-2022-2.qae.aspentech.com_1706061772196)' orig_version='1' resPlan='Edit active initially-empty control recipe' resActv='Edit planned initially-empty control recipe' source='1975620922.CHK' pfcLevel='3' procType='null' batchArea='null' procTypeDesc='null'>
      <operations>
        <operation tag='PHASE55' description='PHASE55' version='1' auto_start='false' user_resource='null' wst_resource='null'>
        </operation>
        <operation tag='PHASE58' description='PHASE58' version='2' auto_start='false' user_resource='null' wst_resource='null'>
        </operation>
        <operation tag='PHASE61' description='PHASE61' version='3' auto_start='false' user_resource='null' wst_resource='null'>
        </operation>
        <operation tag='PHASE64' description='PHASE64' version='4' auto_start='false' user_resource='null' wst_resource='null'>
        </operation>
        <operation tag='PHASE67' description='PHASE67' version='5' auto_start='false' user_resource='null' wst_resource='null'>
        </operation>
        <operation tag='PHASE70' description='PHASE70' version='6' auto_start='false' user_resource='null' wst_resource='null'>
        </operation>
        <operation tag='PHASE73' description='PHASE73' version='7' auto_start='false' user_resource='null' wst_resource='null'>
        </operation>
      </operations>
      <subproceduresLinked>
        <subprocedureLink tag='FOR_STATUS' version='1' is_primary='1'>
        </subprocedureLink>
      </subproceduresLinked>
    </procedure>
    <procedure tag='RPL43623' version='1' description='assa' state='0' effective='' expiration='' resPlan='null' resActv='null' source='1978311091.CHK' pfcLevel='3' procType='null' batchArea='null' procTypeDesc='null'>
      <subproceduresLinked>
        <subprocedureLink tag='FOR_STATUS' version='1' is_primary='1'>
        </subprocedureLink>
      </subproceduresLinked>
    </procedure>
  </procedures>
  <subprocedures>
    <subprocedure tag='BPL43623' version='1' description='dsds' state='9' effective='' expiration='' sourceLanguage='1978222383.CHK'>
      <suboperations>
        <suboperation tag='IMPORT' description='dffd' version='1' source='1978222383_1978234351.CHK' web='false' manage='false' subdoc_tag='null' subdoc_ver='null'>
        </suboperation>
      </suboperations>
    </subprocedure>
    <subprocedure tag='FOR_STATUS' version='1' description='wewererer' state='6' effective='2024-05-14T06:18:07' expiration='' UId='123(apem-c-d7.qae.aspentech.com_1638770507199)' orig_version='1' sourceLanguage='1975560902.CHK'>
      <suboperations>
        <suboperation tag='CREATE' description='test' version='1' source='1975560902_1975561906.CHK' web='true' manage='false' subdoc_tag='null' subdoc_ver='null'>
        </suboperation>
        <suboperation tag='IMPORT' description='test' version='2' source='1975560902_1975569901.CHK' web='true' manage='false' subdoc_tag='null' subdoc_ver='null'>
        </suboperation>
        <suboperation tag='IMPORT2' description='test' version='3' source='1975560902_1975571904.CHK' web='true' manage='false' subdoc_tag='null' subdoc_ver='null'>
        </suboperation>
        <suboperation tag='HAHAHHAH' description='test' version='4' source='1975560902_1975567898.CHK' web='true' manage='false' subdoc_tag='null' subdoc_ver='null'>
        </suboperation>
        <suboperation tag='TRGRGFHFH' description='test' version='5' source='1975560902_1975573902.CHK' web='true' manage='false' subdoc_tag='null' subdoc_ver='null'>
        </suboperation>
        <suboperation tag='FGDFGHFHF' description='test' version='6' source='1975560902_1975563904.CHK' web='true' manage='false' subdoc_tag='null' subdoc_ver='null'>
        </suboperation>
        <suboperation tag='FGFGFSDSDAS' description='test' version='7' source='1975560902_1975565901.CHK' web='true' manage='false' subdoc_tag='null' subdoc_ver='null'>
        </suboperation>
      </suboperations>
    </subprocedure>
  </subprocedures>
  <resources>
    <resource tag='Edit active initially-empty control recipe' version='1' description='null'>
    </resource>
    <resource tag='Edit planned initially-empty control recipe' version='2' description='null'>
    </resource>
  </resources>
</template>
