<?xml version="1.0" encoding="UTF-8"?>
<template xmlns:xsi="http://www.w3.org/2001/XMLSchema-instance"
xsi:noNamespaceSchemaLocation='eschemaTemplate.xsd'>
<metadata tag='CASE962328' description='1' version='1' UId='123(Oliga-2022-2.qae.aspentech.com_1708411086784)' category='1' solutionId='1' user='qaone1' date='2024-02-28T06:35:52'/>
  <procedures>
    <procedure tag='RPL962328' version='1' description='API' state='6' effective='2024-02-28T06:35:03' expiration='' UId='123(Oliga-2022-2.qae.aspentech.com_1708411086784)' orig_version='1' resPlan='null' resActv='null' source='-294913024.CHK' pfcLevel='3' procType='null' batchArea='null' procTypeDesc='null'>
      <operations>
        <operation tag='PHASE17' description='PHASE17' version='1' auto_start='false' user_resource='null' wst_resource='null'>
        </operation>
      </operations>
      <subproceduresLinked>
        <subprocedureLink tag='BPL962328' version='1' is_primary='1'>
        </subprocedureLink>
      </subproceduresLinked>
    </procedure>
  </procedures>
  <subprocedures>
    <subprocedure tag='BPL962328' version='1' description='API' state='6' effective='2024-02-28T06:34:14' expiration='' UId='123(Oliga-2022-2.qae.aspentech.com_1708411086784)' orig_version='1' sourceLanguage='-295034895.CHK'>
      <suboperations>
        <suboperation tag='DELETE_ORDER' description='DELETE_ORDER' version='1' source='-295034895_-295011800.CHK' web='true' manage='true' subdoc_tag='null' subdoc_ver='null'>
        </suboperation>
      </suboperations>
    </subprocedure>
  </subprocedures>
</template>
