<?xml version="1.0" encoding="UTF-8"?>
<template xmlns:xsi="http://www.w3.org/2001/XMLSchema-instance"
xsi:noNamespaceSchemaLocation='eschemaTemplate.xsd'>
<metadata tag='TEMP819205' description='test' version='1' UId='123(ziru-s2022-3.qae.aspentech.com_1719381295221)' category='' solutionId='' user='qaone1' date='2024-07-16T02:18:05'/>
  <procedures>
    <procedure tag='RPL819205' version='1' description='test for 819205' state='6' effective='2024-07-16T02:10:35' expiration='' UId='123(ziru-s2022-3.qae.aspentech.com_1719381295221)' orig_version='1' resPlan='null' resActv='null' source='-1186059908.CHK' pfcLevel='3' procType='MIXING' batchArea='null' procTypeDesc='Mixing process'>
      <operations>
        <operation tag='WEB_DISPLAY' description='Web Display' version='1' auto_start='false' user_resource='null' wst_resource='null'>
        </operation>
        <operation tag='WEB_DISPLAY_1' description='Web Display' version='2' auto_start='false' user_resource='null' wst_resource='null'>
        </operation>
        <operation tag='DATA_ENTRY' description='Multiple Entries' version='3' auto_start='false' user_resource='null' wst_resource='null'>
        </operation>
        <operation tag='PHASE28' description='PHASE28' version='4' auto_start='false' user_resource='null' wst_resource='null'>
        </operation>
        <operation tag='PHASE41' description='PHASE41' version='5' auto_start='false' user_resource='null' wst_resource='null'>
        </operation>
        <operation tag='PHASE31' description='PHASE31' version='6' auto_start='false' user_resource='null' wst_resource='null'>
        </operation>
      </operations>
      <subproceduresLinked>
        <subprocedureLink tag='GML_LOG' version='2' is_primary='0'>
        </subprocedureLink>
        <subprocedureLink tag='PS_COMMON' version='1' is_primary='0'>
        </subprocedureLink>
        <subprocedureLink tag='PS_DEVIATION_MANAGEMENT' version='1' is_primary='0'>
        </subprocedureLink>
        <subprocedureLink tag='PS_GENERIC' version='1' is_primary='1'>
        </subprocedureLink>
        <subprocedureLink tag='PS_IP21' version='1' is_primary='0'>
        </subprocedureLink>
      </subproceduresLinked>
    </procedure>
  </procedures>
  <subprocedures>
    <subprocedure tag='GML_LOG' version='2' description='GML event logging script' state='6' effective='2024-07-16T00:51:39' expiration='' UId='MESV10(MES.aspentech.com_1513847939648)' orig_version='1' sourceLanguage='-1190786502.CHK'>
      <scripts>
        <script tag='LOGX_EVENT' description='Record event into APEM log' version='1' source='-1190786502_-1190786480.CHK'>
        </script>
      </scripts>
      <subProcObjects>
        <subProcObject tag='CONFIG_KEYS' description='Configuration keys' version='1' source='-1190786502_-1190784682.CHK' extension='null' state='1'>
        </subProcObject>
      </subProcObjects>
    </subprocedure>
    <subprocedure tag='PS_COMMON' version='1' description='GML internal components &amp; tools - AT PS' state='6' effective='2024-07-16T00:51:39' expiration='' UId='Der Eric(EDSCMDEMO1.dev.aspentech.com_1608038026589)' orig_version='5' sourceLanguage='-1190753680.CHK'>
      <suboperations>
        <suboperation tag='VIEW_BOM' description='operations on BOM list' version='1' source='-1190753680_-1190748686.CHK' web='false' manage='false' subdoc_tag='null' subdoc_ver='null'>
        </suboperation>
      </suboperations>
      <scripts>
        <script tag='VALIDATE_INPUT' description='Validate and format input value according to given rules' version='1' source='-1190753680_-1190724687.CHK'>
        </script>
        <script tag='WRITE_MERPS_TRANSACTION' description='Insert message into transaction tables' version='2' source='-1190753680_-1190722689.CHK'>
        </script>
        <script tag='GET_BOM_DETAILS' description='Retrieve current order BOM data for given materials' version='3' source='-1190753680_-1190742690.CHK'>
        </script>
        <script tag='OUT_OF_LIMITS_MSG' description='Get out-of-limit error message list for given value' version='4' source='-1190753680_-1190730685.CHK'>
        </script>
        <script tag='GET_BATCH_PROGRESS' description='Retrieve batch progress (units produced) from IP.21' version='5' source='-1190753680_-1190744688.CHK'>
        </script>
        <script tag='GET_EQUIPMENT_ID' description='Retrieve current unit procedure equipment ID from used equipment table' version='6' source='-1190753680_-1190740694.CHK'>
        </script>
        <script tag='GET_MEASUREMENT_DETAIL' description='Get measurement detail from ODM-loaded equipment data' version='7' source='-1190753680_-1190736694.CHK'>
        </script>
        <script tag='GET_PHASES_LIST_FROM_BP' description='Get list of order phases for Basic Phase' version='8' source='-1190753680_-1190732689.CHK'>
        </script>
        <script tag='VALIDATE_DATE_FORMAT' description='Validates the date custom formats' version='9' source='-1190753680_-1190726685.CHK'>
        </script>
        <script tag='CONVERT_TIME_DURATION' description='Convert time to duration or duration to time' version='10' source='-1190753680_-1190746691.CHK'>
        </script>
        <script tag='GET_MEASUREMENT_DETAIL2' description='Get measurement detail from UT S_Tags_List for the line' version='11' source='-1190753680_-1190734694.CHK'>
        </script>
        <script tag='SPLIT_BARCODE' description='split barcode according configuration' version='12' source='-1190753680_-1190728691.CHK'>
        </script>
        <script tag='GET_LETTER_POSITION' description='Get letter position in a string' version='13' source='-1190753680_-1190738687.CHK'>
        </script>
      </scripts>
      <subProcComponents>
        <subProcComponent tag='HEADER_BP' description='General screen header' version='1' source='-1190753680_-1190718688.CHK'>
        </subProcComponent>
        <subProcComponent tag='HEADER_PEL' description='Equipment event screen header' version='2' source='-1190753680_-1190716693.CHK'>
        </subProcComponent>
        <subProcComponent tag='FOOTER' description='General screen confirmation/signature footer' version='3' source='-1190753680_-1190720686.CHK'>
        </subProcComponent>
        <subProcComponent tag='TWO_CHECKBOXES' description='Two exclusive checkboxes implementing YES/NO choice' version='4' source='-1190753680_-1190712689.CHK'>
        </subProcComponent>
        <subProcComponent tag='TIME_ENTRY' description='Time/duration input according to given format' version='5' source='-1190753680_-1190714690.CHK'>
        </subProcComponent>
      </subProcComponents>
      <subProcObjects>
        <subProcObject tag='CONFIG_KEYS' description='Configuration keys' version='1' source='-1190753680_-1190708694.CHK' extension='.INI' state='1'>
        </subProcObject>
        <subProcObject tag='UOM' description='List of units of measure' version='2' source='-1190753680_-1190704689.CHK' extension='null' state='1'>
        </subProcObject>
        <subProcObject tag='COMMENT' description='comment icon' version='3' source='-1190753680_-1190710692.CHK' extension='.gif' state='0'>
        </subProcObject>
        <subProcObject tag='HEATING' description='heating icon' version='4' source='-1190753680_-1190706686.CHK' extension='.gif' state='0'>
        </subProcObject>
      </subProcObjects>
      <subProcLanguages>
        <subProcLanguage tag='DE' description='German' version='1' source='-1190753680_-1190702686.CHK' is_default='false'>
        </subProcLanguage>
        <subProcLanguage tag='EN' description='English' version='1' source='-1190753680_-1190700689.CHK' is_default='true'>
        </subProcLanguage>
        <subProcLanguage tag='ES' description='Spanish' version='1' source='-1190753680_-1190698689.CHK' is_default='false'>
        </subProcLanguage>
        <subProcLanguage tag='FR' description='French' version='1' source='-1190753680_-1190696688.CHK' is_default='false'>
        </subProcLanguage>
        <subProcLanguage tag='IT' description='Italian' version='1' source='-1190753680_-1190694687.CHK' is_default='false'>
        </subProcLanguage>
        <subProcLanguage tag='JA' description='Japanese' version='1' source='-1190753680_-1190692688.CHK' is_default='false'>
        </subProcLanguage>
        <subProcLanguage tag='KO' description='Korean' version='1' source='-1190753680_-1190690690.CHK' is_default='false'>
        </subProcLanguage>
        <subProcLanguage tag='PT' description='Portuguese' version='1' source='-1190753680_-1190688693.CHK' is_default='false'>
        </subProcLanguage>
        <subProcLanguage tag='RU' description='Russian' version='1' source='-1190753680_-1190686694.CHK' is_default='false'>
        </subProcLanguage>
        <subProcLanguage tag='ZH' description='Chinese' version='1' source='-1190753680_-1190684691.CHK' is_default='false'>
        </subProcLanguage>
      </subProcLanguages>
      <subproceduresLinked>
        <subprocedureLink tag='GML_LOG' version='2' is_primary='1'>
        </subprocedureLink>
        <subprocedureLink tag='PS_IP21' version='1' is_primary='1'>
        </subprocedureLink>
      </subproceduresLinked>
    </subprocedure>
    <subprocedure tag='PS_DEVIATION_MANAGEMENT' version='1' description='GML batch/process deviation management - AT PS' state='6' effective='2024-07-16T00:51:39' expiration='' UId='Der Eric(EDSCMDEMO1.dev.aspentech.com_1608038026589)' orig_version='4' sourceLanguage='-1190682681.CHK'>
      <suboperations>
        <suboperation tag='CREATE_DEVIATION' description='Deviation creation' version='1' source='-1190682681_-1190675687.CHK' web='true' manage='false' subdoc_tag='null' subdoc_ver='null'>
        </suboperation>
        <suboperation tag='DEVIATION_ACKNOWLEDGEMENT' description='Deviation acknowledgement' version='2' source='-1190682681_-1190671687.CHK' web='true' manage='false' subdoc_tag='null' subdoc_ver='null'>
        </suboperation>
        <suboperation tag='DEVIATION_ACCEPTANCE' description='Deviation Production/QA acceptance' version='3' source='-1190682681_-1190673695.CHK' web='true' manage='false' subdoc_tag='null' subdoc_ver='null'>
        </suboperation>
      </suboperations>
      <localOperations>
        <operation tag='VIEW_COMMENTS' description='Deviation description, response and associated comment view' version='1' source='-1190682681_-1190669684.CHK'>
        </operation>
      </localOperations>
      <subProcObjects>
        <subProcObject tag='CONFIG_KEYS' description='Configuration keys' version='1' source='-1190682681_-1190667686.CHK' extension='null' state='1'>
        </subProcObject>
      </subProcObjects>
      <subProcLanguages>
        <subProcLanguage tag='DE' description='German' version='1' source='-1190682681_-1190665690.CHK' is_default='false'>
        </subProcLanguage>
        <subProcLanguage tag='EN' description='English' version='1' source='-1190682681_-1190663687.CHK' is_default='true'>
        </subProcLanguage>
        <subProcLanguage tag='ES' description='Spanish' version='1' source='-1190682681_-1190661693.CHK' is_default='false'>
        </subProcLanguage>
        <subProcLanguage tag='FR' description='French' version='1' source='-1190682681_-1190659690.CHK' is_default='false'>
        </subProcLanguage>
        <subProcLanguage tag='IT' description='Italian' version='1' source='-1190682681_-1190657687.CHK' is_default='false'>
        </subProcLanguage>
        <subProcLanguage tag='JA' description='Japanese' version='1' source='-1190682681_-1190655692.CHK' is_default='false'>
        </subProcLanguage>
        <subProcLanguage tag='KO' description='Korean' version='1' source='-1190682681_-1190653688.CHK' is_default='false'>
        </subProcLanguage>
        <subProcLanguage tag='PT' description='Portuguese' version='1' source='-1190682681_-1190651692.CHK' is_default='false'>
        </subProcLanguage>
        <subProcLanguage tag='RU' description='Russian' version='1' source='-1190682681_-1190649686.CHK' is_default='false'>
        </subProcLanguage>
        <subProcLanguage tag='ZH' description='Chinese' version='1' source='-1190682681_-1190647692.CHK' is_default='false'>
        </subProcLanguage>
      </subProcLanguages>
      <subproceduresLinked>
        <subprocedureLink tag='GML_LOG' version='2' is_primary='1'>
        </subprocedureLink>
        <subprocedureLink tag='PS_COMMON' version='1' is_primary='1'>
        </subprocedureLink>
        <subprocedureLink tag='PS_IP21' version='1' is_primary='0'>
        </subprocedureLink>
      </subproceduresLinked>
    </subprocedure>
    <subprocedure tag='PS_GENERIC' version='1' description='GML process generic library - AT PS' state='6' effective='2024-07-16T00:51:39' expiration='' UId='Der Eric(EDSCMDEMO1.dev.aspentech.com_1608038026589)' orig_version='10' sourceLanguage='-1190645682.CHK'>
      <suboperations>
        <suboperation tag='INSTRUCTION' description='Text instruction acknowledge/signature' version='1' source='-1190645682_-1190632688.CHK' web='true' manage='true' subdoc_tag='null' subdoc_ver='null'>
        </suboperation>
        <suboperation tag='CHECKLIST' description='Single/all check list signature' version='2' source='-1190645682_-1190636689.CHK' web='true' manage='true' subdoc_tag='null' subdoc_ver='null'>
        </suboperation>
        <suboperation tag='TABULAR_CHECK' description='Pass/fail check table signature' version='3' source='-1190645682_-1190622686.CHK' web='true' manage='true' subdoc_tag='null' subdoc_ver='null'>
        </suboperation>
        <suboperation tag='DATA_ENTRY' description='Multiple text input and signature' version='4' source='-1190645682_-1190634687.CHK' web='true' manage='true' subdoc_tag='null' subdoc_ver='null'>
        </suboperation>
        <suboperation tag='MEASUREMENT_ENTRY' description='Multiple (min/max limited) numerical input and signature' version='5' source='-1190645682_-1190626689.CHK' web='true' manage='true' subdoc_tag='null' subdoc_ver='null'>
        </suboperation>
        <suboperation tag='INSTR_LIST' description='Text Instruction with a list' version='6' source='-1190645682_-1190630691.CHK' web='true' manage='true' subdoc_tag='null' subdoc_ver='null'>
        </suboperation>
        <suboperation tag='IPC' description='In Process Control' version='7' source='-1190645682_-1190628687.CHK' web='true' manage='true' subdoc_tag='null' subdoc_ver='null'>
        </suboperation>
        <suboperation tag='PROCESS_DURATION' description='count up/down process duration' version='8' source='-1190645682_-1190624688.CHK' web='true' manage='true' subdoc_tag='null' subdoc_ver='null'>
        </suboperation>
        <suboperation tag='WEB_DISPLAY' description='Display web page, APEM Mobile only!' version='9' source='-1190645682_-1190620692.CHK' web='true' manage='false' subdoc_tag='null' subdoc_ver='null'>
        </suboperation>
      </suboperations>
      <scripts>
        <script tag='READBACK_CHECK' description='IP.21 good value check condition' version='1' source='-1190645682_-1190610686.CHK'>
        </script>
        <script tag='TEST_BR' description='Batch record good value check condition' version='2' source='-1190645682_-1190602689.CHK'>
        </script>
        <script tag='WAIT_FOR_IP21_TRIGGER' description='IP.21 tag value interlock condition' version='3' source='-1190645682_-1190596696.CHK'>
        </script>
        <script tag='WRITE_TAG' description='IP.21 tag value recording pseudo-condition' version='4' source='-1190645682_-1190594692.CHK'>
        </script>
        <script tag='ORDER_STATUS_CHANGE_CHECK' description='GML order activation check' version='5' source='-1190645682_-1190612696.CHK'>
        </script>
        <script tag='SET_GLOBAL_VAR' description='Set Global var to be used in BP' version='6' source='-1190645682_-1190604691.CHK'>
        </script>
        <script tag='TIMER' description='Wait for a time period specified as parameter' version='7' source='-1190645682_-1190600696.CHK'>
        </script>
        <script tag='SET_BATCH_STATUS' description='set user status for orders' version='8' source='-1190645682_-1190606691.CHK'>
        </script>
        <script tag='LB_STATUS_CHANGE_CHECK' description='GML order activation check' version='9' source='-1190645682_-1190614686.CHK'>
        </script>
        <script tag='EXECUTESPIP21' description='Execute IP21 SP' version='10' source='-1190645682_-1190616689.CHK'>
        </script>
        <script tag='TRANSFER_PARAMETERS' description='Write parameters to APRM' version='11' source='-1190645682_-1190598695.CHK'>
        </script>
        <script tag='REPETITION' description='count execution' version='12' source='-1190645682_-1190608695.CHK'>
        </script>
        <script tag='DISABLE_PHASE' description='Disable a set of phases' version='13' source='-1190645682_-1190618691.CHK'>
        </script>
      </scripts>
      <subProcComponents>
        <subProcComponent tag='TEXT_ENTRY' description='Text parameter value input' version='1' source='-1190645682_-1190590694.CHK'>
        </subProcComponent>
        <subProcComponent tag='MEASUREMENT_DETAILS' description='Min/max limited numerical parameter value input' version='2' source='-1190645682_-1190592693.CHK'>
        </subProcComponent>
      </subProcComponents>
      <subProcObjects>
        <subProcObject tag='PRINT_TEMPLATE' description='Instruction document printing HTML template' version='1' source='-1190645682_-1190586686.CHK' extension='.htm' state='2'>
        </subProcObject>
        <subProcObject tag='CONFIG_KEYS' description='Configuration keys' version='2' source='-1190645682_-1190588685.CHK' extension='null' state='1'>
        </subProcObject>
      </subProcObjects>
      <subProcLanguages>
        <subProcLanguage tag='DE' description='German' version='1' source='-1190645682_-1190584694.CHK' is_default='false'>
        </subProcLanguage>
        <subProcLanguage tag='EN' description='English' version='1' source='-1190645682_-1190582695.CHK' is_default='true'>
        </subProcLanguage>
        <subProcLanguage tag='ES' description='Spanish' version='1' source='-1190645682_-1190580687.CHK' is_default='false'>
        </subProcLanguage>
        <subProcLanguage tag='FR' description='French' version='1' source='-1190645682_-1190578686.CHK' is_default='false'>
        </subProcLanguage>
        <subProcLanguage tag='IT' description='Italian' version='1' source='-1190645682_-1190576692.CHK' is_default='false'>
        </subProcLanguage>
        <subProcLanguage tag='JA' description='Japanese' version='1' source='-1190645682_-1190574692.CHK' is_default='false'>
        </subProcLanguage>
        <subProcLanguage tag='KO' description='Korean' version='1' source='-1190645682_-1190572691.CHK' is_default='false'>
        </subProcLanguage>
        <subProcLanguage tag='PT' description='Portuguese' version='1' source='-1190645682_-1190570694.CHK' is_default='false'>
        </subProcLanguage>
        <subProcLanguage tag='RU' description='Russian' version='1' source='-1190645682_-1190568696.CHK' is_default='false'>
        </subProcLanguage>
        <subProcLanguage tag='ZH' description='Chinese' version='1' source='-1190645682_-1190566691.CHK' is_default='false'>
        </subProcLanguage>
      </subProcLanguages>
      <subproceduresLinked>
        <subprocedureLink tag='GML_LOG' version='2' is_primary='1'>
        </subprocedureLink>
        <subprocedureLink tag='PS_COMMON' version='1' is_primary='1'>
        </subprocedureLink>
        <subprocedureLink tag='PS_DEVIATION_MANAGEMENT' version='1' is_primary='1'>
        </subprocedureLink>
        <subprocedureLink tag='PS_IP21' version='1' is_primary='1'>
        </subprocedureLink>
      </subproceduresLinked>
    </subprocedure>
    <subprocedure tag='PS_IP21' version='1' description='GML IP.21 communication scripts - AT PS' state='6' effective='2024-07-16T00:51:39' expiration='' UId='Der Eric(EDSCMDEMO1.dev.aspentech.com_1608038026589)' orig_version='3' sourceLanguage='-1190782688.CHK'>
      <scripts>
        <script tag='READ' description='Read non-expired value and timestamp from IP.21 tags with “Good status”' version='1' source='-1190782688_-1190777685.CHK'>
        </script>
        <script tag='WRITE' description='Write value or update IP.21 tag attribute' version='2' source='-1190782688_-1190775692.CHK'>
        </script>
        <script tag='GET_LIMITS' description='Get IP.21 tag description, limits and alarm status' version='3' source='-1190782688_-1190779685.CHK'>
        </script>
      </scripts>
      <subProcLanguages>
        <subProcLanguage tag='DE' description='German' version='1' source='-1190782688_-1190773686.CHK' is_default='false'>
        </subProcLanguage>
        <subProcLanguage tag='EN' description='English' version='1' source='-1190782688_-1190771685.CHK' is_default='true'>
        </subProcLanguage>
        <subProcLanguage tag='ES' description='Spanish' version='1' source='-1190782688_-1190769693.CHK' is_default='false'>
        </subProcLanguage>
        <subProcLanguage tag='FR' description='French' version='1' source='-1190782688_-1190767688.CHK' is_default='false'>
        </subProcLanguage>
        <subProcLanguage tag='IT' description='Italian' version='1' source='-1190782688_-1190765694.CHK' is_default='false'>
        </subProcLanguage>
        <subProcLanguage tag='JA' description='Japanese' version='1' source='-1190782688_-1190763689.CHK' is_default='false'>
        </subProcLanguage>
        <subProcLanguage tag='KO' description='Korean' version='1' source='-1190782688_-1190761693.CHK' is_default='false'>
        </subProcLanguage>
        <subProcLanguage tag='PT' description='Portuguese' version='1' source='-1190782688_-1190759685.CHK' is_default='false'>
        </subProcLanguage>
        <subProcLanguage tag='RU' description='Russian' version='1' source='-1190782688_-1190757693.CHK' is_default='false'>
        </subProcLanguage>
        <subProcLanguage tag='ZH' description='Chinese' version='1' source='-1190782688_-1190755692.CHK' is_default='false'>
        </subProcLanguage>
      </subProcLanguages>
      <subproceduresLinked>
        <subprocedureLink tag='GML_LOG' version='2' is_primary='1'>
        </subprocedureLink>
      </subproceduresLinked>
    </subprocedure>
  </subprocedures>
</template>
