<?xml version="1.0" encoding="UTF-8"?>
<template xmlns:xsi="http://www.w3.org/2001/XMLSchema-instance"
xsi:noNamespaceSchemaLocation='eschemaTemplate.xsd'>
<metadata tag='TEMP553157' description='as' version='1' UId='123(ziru-s2022-3.qae.aspentech.com_1712882597444)' category='' solutionId='' user='qaone1' date='2024-05-02T05:37:23'/>
  <procedures>
    <procedure tag='RPL553157' version='1' description='assa' state='6' effective='2024-05-02T05:31:23' expiration='' UId='123(ziru-s2022-3.qae.aspentech.com_1712882597444)' orig_version='1' resPlan='null' resActv='null' source='935862813.CHK' pfcLevel='3' procType='null' batchArea='null' procTypeDesc='null'>
      <operations>
        <operation tag='PHASE17' description='PHASE17' version='1' auto_start='false' user_resource='null' wst_resource='null'>
        </operation>
      </operations>
      <subproceduresLinked>
        <subprocedureLink tag='BPL553157' version='1' is_primary='1'>
        </subprocedureLink>
      </subproceduresLinked>
    </procedure>
  </procedures>
  <subprocedures>
    <subprocedure tag='BPL553157' version='1' description='sdds' state='6' effective='2024-05-02T05:29:48' expiration='' UId='123(ziru-s2022-3.qae.aspentech.com_1712882597444)' orig_version='1' sourceLanguage='925861761.CHK'>
      <suboperations>
        <suboperation tag='IMPORT' description='sdasd' version='1' source='925861761_925873711.CHK' web='true' manage='false' subdoc_tag='null' subdoc_ver='null'>
        </suboperation>
      </suboperations>
    </subprocedure>
  </subprocedures>
</template>
