<?xml version="1.0" encoding="UTF-8"?>
<template xmlns:xsi="http://www.w3.org/2001/XMLSchema-instance"
xsi:noNamespaceSchemaLocation='eschemaTemplate.xsd'>
<metadata tag='TEMP213973' description='test for 213973' version='1' UId='123(ziru-s2022-3.qae.aspentech.com_1719381295221)' category='' solutionId='' user='qaone1' date='2024-07-10T01:04:10'/>
  <subprocedures>
    <subprocedure tag='B213973_1' version='1' description='for case213973' state='0' effective='' expiration='' sourceLanguage='-1791616920.CHK'>
      <suboperations>
        <suboperation tag='TESTBP' description='saasas' version='1' source='-1791616920_-1791583704.CHK' web='true' manage='true' subdoc_tag='null' subdoc_ver='null'>
        </suboperation>
      </suboperations>
      <subProcComponents>
        <subProcComponent tag='TESTHHH' description='test' version='1' source='-1791616920_-1708618138.CHK'>
        </subProcComponent>
      </subProcComponents>
    </subprocedure>
    <subprocedure tag='B213973_2' version='1' description='for case213973' state='0' effective='' expiration='' sourceLanguage='-1791311666.CHK'>
      <suboperations>
        <suboperation tag='TESTBP' description='saasas' version='1' source='-1791311666_-1791583704.CHK' web='true' manage='true' subdoc_tag='null' subdoc_ver='null'>
        </suboperation>
      </suboperations>
      <localOperations>
        <operation tag='TESTLOCAL' description='test' version='1' source='-1791311666_-1708568577.CHK'>
        </operation>
      </localOperations>
      <scripts>
        <script tag='SCRIPTS' description='test' version='1' source='-1791311666_-1791507445.CHK'>
        </script>
      </scripts>
    </subprocedure>
  </subprocedures>
</template>
