<?xml version="1.0" encoding="UTF-8"?>
<template xmlns:xsi="http://www.w3.org/2001/XMLSchema-instance"
xsi:noNamespaceSchemaLocation='eschemaTemplate.xsd'>
<metadata tag='TEMP' description='1' version='1' UId='123(Oliga-2022-2.qae.aspentech.com_1706061772196)' category='1' solutionId='1' user='qaone1' date='2024-01-31T06:52:53'/>
  <procedures>
    <procedure tag='2BPLS' version='1' description='with two BPLs' state='0' effective='' expiration='' resPlan='null' resActv='null' source='1148155524.CHK' pfcLevel='3' procType='null' procTypeDesc='null'>
      <operations>
        <operation tag='PHASE25' description='PHASE25' version='1' auto_start='false' user_resource='null' wst_resource='null'>
        </operation>
        <operation tag='PHASE28' description='PHASE28' version='2' auto_start='false' user_resource='null' wst_resource='null'>
        </operation>
        <operation tag='PHASE31' description='PHASE31' version='3' auto_start='false' user_resource='null' wst_resource='null'>
        </operation>
        <operation tag='PHASE34' description='PHASE34' version='4' auto_start='false' user_resource='null' wst_resource='null'>
        </operation>
        <operation tag='PHASE37' description='PHASE37' version='5' auto_start='false' user_resource='null' wst_resource='null'>
        </operation>
        <operation tag='PHASE43' description='PHASE43' version='6' auto_start='false' user_resource='null' wst_resource='null'>
        </operation>
        <operation tag='PHASE40' description='PHASE40' version='7' auto_start='false' user_resource='null' wst_resource='null'>
        </operation>
        <operation tag='PHASE51' description='PHASE51' version='8' auto_start='false' user_resource='null' wst_resource='null'>
        </operation>
        <operation tag='PHASE54' description='PHASE54' version='9' auto_start='false' user_resource='null' wst_resource='null'>
        </operation>
        <operation tag='PHASE57' description='PHASE57' version='10' auto_start='false' user_resource='null' wst_resource='null'>
        </operation>
      </operations>
      <subproceduresLinked>
        <subprocedureLink tag='AAA_BPL' version='1' is_primary='1'>
        </subprocedureLink>
        <subprocedureLink tag='FOR_STATUS' version='2' is_primary='1'>
        </subprocedureLink>
      </subproceduresLinked>
    </procedure>
    <procedure tag='FOR_BING' version='1' description='test' state='0' effective='' expiration='' resPlan='null' resActv='null' source='1148180518.CHK' pfcLevel='3' procType='null' procTypeDesc='null'>
      <operations>
        <operation tag='PHASE17' description='PHASE17' version='1' auto_start='false' user_resource='null' wst_resource='null'>
        </operation>
      </operations>
      <subproceduresLinked>
        <subprocedureLink tag='BING' version='1' is_primary='1'>
        </subprocedureLink>
      </subproceduresLinked>
    </procedure>
    <procedure tag='FOR_STATUS' version='1' description='test for icon status' state='6' effective='2024-01-26T06:36:11' expiration='' UId='123(Oliga-2022-2.qae.aspentech.com_1706061772196)' orig_version='1' resPlan='Edit active initially-empty control recipe' resActv='Edit planned initially-empty control recipe' source='1148186199.CHK' pfcLevel='3' procType='null' procTypeDesc='null'>
      <operations>
        <operation tag='PHASE55' description='PHASE55' version='1' auto_start='false' user_resource='null' wst_resource='null'>
        </operation>
        <operation tag='PHASE58' description='PHASE58' version='2' auto_start='false' user_resource='null' wst_resource='null'>
        </operation>
        <operation tag='PHASE61' description='PHASE61' version='3' auto_start='false' user_resource='null' wst_resource='null'>
        </operation>
        <operation tag='PHASE64' description='PHASE64' version='4' auto_start='false' user_resource='null' wst_resource='null'>
        </operation>
        <operation tag='PHASE67' description='PHASE67' version='5' auto_start='false' user_resource='null' wst_resource='null'>
        </operation>
        <operation tag='PHASE70' description='PHASE70' version='6' auto_start='false' user_resource='null' wst_resource='null'>
        </operation>
        <operation tag='PHASE73' description='PHASE73' version='7' auto_start='false' user_resource='null' wst_resource='null'>
        </operation>
      </operations>
      <subproceduresLinked>
        <subprocedureLink tag='FOR_STATUS' version='1' is_primary='1'>
        </subprocedureLink>
      </subproceduresLinked>
    </procedure>
    <procedure tag='HASDHSV' version='1' description='for X_order' state='0' effective='' expiration='' resPlan='null' resActv='null' source='1148202506.CHK' pfcLevel='3' procType='null' procTypeDesc='null'>
      <operations>
        <operation tag='PHASE108' description='PHASE108' version='1' auto_start='false' user_resource='null' wst_resource='null'>
        </operation>
        <operation tag='PHASE111' description='PHASE111' version='2' auto_start='false' user_resource='null' wst_resource='null'>
        </operation>
        <operation tag='PHASE114' description='PHASE114' version='3' auto_start='false' user_resource='null' wst_resource='null'>
        </operation>
        <operation tag='PHASE117' description='PHASE117' version='4' auto_start='false' user_resource='null' wst_resource='null'>
        </operation>
        <operation tag='PHASE120' description='PHASE120' version='5' auto_start='false' user_resource='null' wst_resource='null'>
        </operation>
        <operation tag='PHASE128' description='PHASE128' version='6' auto_start='false' user_resource='null' wst_resource='null'>
        </operation>
        <operation tag='PHASE131' description='PHASE131' version='7' auto_start='false' user_resource='null' wst_resource='null'>
        </operation>
        <operation tag='PHASE134' description='PHASE134' version='8' auto_start='false' user_resource='null' wst_resource='null'>
        </operation>
        <operation tag='PHASE137' description='PHASE137' version='9' auto_start='false' user_resource='null' wst_resource='null'>
        </operation>
        <operation tag='PHASE140' description='PHASE140' version='10' auto_start='false' user_resource='null' wst_resource='null'>
        </operation>
        <operation tag='PHASE143' description='PHASE143' version='11' auto_start='false' user_resource='null' wst_resource='null'>
        </operation>
      </operations>
      <subproceduresLinked>
        <subprocedureLink tag='AAA_BPL' version='1' is_primary='1'>
        </subprocedureLink>
        <subprocedureLink tag='FOR_STATUS' version='1' is_primary='1'>
        </subprocedureLink>
      </subproceduresLinked>
    </procedure>
    <procedure tag='ICON' version='1' description='Start' state='0' effective='' expiration='' resPlan='null' resActv='null' source='1148229493.CHK' pfcLevel='3' procType='null' procTypeDesc='null'>
      <operations>
        <operation tag='PHASE22' description='PHASE22' version='1' auto_start='false' user_resource='null' wst_resource='null'>
        </operation>
        <operation tag='PHASE25' description='PHASE25' version='2' auto_start='false' user_resource='null' wst_resource='null'>
        </operation>
        <operation tag='PHASE28' description='PHASE28' version='3' auto_start='false' user_resource='null' wst_resource='null'>
        </operation>
        <operation tag='PHASE31' description='PHASE31' version='4' auto_start='false' user_resource='null' wst_resource='null'>
        </operation>
        <operation tag='PHASE34' description='PHASE34' version='5' auto_start='false' user_resource='null' wst_resource='null'>
        </operation>
        <operation tag='PHASE37' description='PHASE37' version='6' auto_start='false' user_resource='null' wst_resource='null'>
        </operation>
        <operation tag='PHASE40' description='PHASE40' version='7' auto_start='false' user_resource='null' wst_resource='null'>
        </operation>
      </operations>
      <subproceduresLinked>
        <subprocedureLink tag='FOR_STATUS' version='1' is_primary='1'>
        </subprocedureLink>
      </subproceduresLinked>
    </procedure>
  </procedures>
  <subprocedures>
    <subprocedure tag='AAA_BPL' version='1' description='several  BPs' state='6' effective='2024-01-26T06:20:52' expiration='' UId='.(YY-2019-2.qae.aspentech.com_1617941778522)' orig_version='1' sourceLanguage='1148035719.CHK'>
      <suboperations>
        <suboperation tag='FIRST_TEST' description='3PARAMS Firest test long description test the dispaly of the description' version='1' source='1148035719_1148043495.CHK' web='true' manage='true' subdoc_tag='null' subdoc_ver='null'>
        </suboperation>
        <suboperation tag='SECOND_TEST' description='BP second test long description test the dispaly of the description' version='2' source='1148035719_1148049492.CHK' web='true' manage='true' subdoc_tag='null' subdoc_ver='null'>
        </suboperation>
        <suboperation tag='THIRD_TEST' description='BP2 third test long description test the dispaly of the description' version='3' source='1148035719_1148053493.CHK' web='true' manage='true' subdoc_tag='null' subdoc_ver='null'>
        </suboperation>
        <suboperation tag='FOURTH_TEST' description='Fourth test long description test the dispaly of the description' version='4' source='1148035719_1148047494.CHK' web='true' manage='true' subdoc_tag='null' subdoc_ver='null'>
        </suboperation>
        <suboperation tag='FITHTH_TEST_XY' description='test long description test the dispaly of the description' version='5' source='1148035719_1148045499.CHK' web='true' manage='true' subdoc_tag='null' subdoc_ver='null'>
        </suboperation>
        <suboperation tag='SIXTH_TEST' description='test long description test the dispaly of the description' version='6' source='1148035719_1148051499.CHK' web='true' manage='true' subdoc_tag='null' subdoc_ver='null'>
        </suboperation>
        <suboperation tag='77777_TEST' description='test long description test the dispaly of the description' version='7' source='1148035719_1148037497.CHK' web='true' manage='true' subdoc_tag='null' subdoc_ver='null'>
        </suboperation>
        <suboperation tag='88888_TEST' description='test long description test the dispaly of the description' version='8' source='1148035719_1148039495.CHK' web='true' manage='true' subdoc_tag='null' subdoc_ver='null'>
        </suboperation>
        <suboperation tag='99999_TEST' description='test long description test the dispaly of the description' version='9' source='1148035719_1148041490.CHK' web='true' manage='true' subdoc_tag='null' subdoc_ver='null'>
        </suboperation>
        <suboperation tag='100000_TEST' description='test long description test the dispaly of the description' version='10' source='1148035719_1148035725.CHK' web='true' manage='true' subdoc_tag='null' subdoc_ver='null'>
        </suboperation>
      </suboperations>
      <scripts>
        <script tag='TEST' description='test' version='1' source='1148035719_1148055495.CHK'>
        </script>
      </scripts>
    </subprocedure>
    <subprocedure tag='BING' version='1' description='for bing' state='6' effective='2024-01-26T06:20:52' expiration='' UId='123(apem-c-d7.qae.aspentech.com_1638770507199)' orig_version='1' sourceLanguage='1148057499.CHK'>
      <suboperations>
        <suboperation tag='BING' description='test' version='1' source='1148057499_1148058495.CHK' web='true' manage='false' subdoc_tag='null' subdoc_ver='null'>
        </suboperation>
      </suboperations>
    </subprocedure>
    <subprocedure tag='FOR_STATUS' version='1' description='wewererer' state='6' effective='2024-01-26T06:20:52' expiration='' UId='123(apem-c-d7.qae.aspentech.com_1638770507199)' orig_version='1' sourceLanguage='1148060496.CHK'>
      <suboperations>
        <suboperation tag='CREATE' description='test' version='1' source='1148060496_1148061497.CHK' web='true' manage='false' subdoc_tag='null' subdoc_ver='null'>
        </suboperation>
        <suboperation tag='IMPORT' description='test' version='2' source='1148060496_1148069499.CHK' web='true' manage='false' subdoc_tag='null' subdoc_ver='null'>
        </suboperation>
        <suboperation tag='IMPORT2' description='test' version='3' source='1148060496_1148071496.CHK' web='true' manage='false' subdoc_tag='null' subdoc_ver='null'>
        </suboperation>
        <suboperation tag='HAHAHHAH' description='test' version='4' source='1148060496_1148067498.CHK' web='true' manage='false' subdoc_tag='null' subdoc_ver='null'>
        </suboperation>
        <suboperation tag='TRGRGFHFH' description='test' version='5' source='1148060496_1148139128.CHK' web='true' manage='false' subdoc_tag='null' subdoc_ver='null'>
        </suboperation>
        <suboperation tag='FGDFGHFHF' description='test' version='6' source='1148060496_1148063493.CHK' web='true' manage='false' subdoc_tag='null' subdoc_ver='null'>
        </suboperation>
        <suboperation tag='FGFGFSDSDAS' description='test' version='7' source='1148060496_1148065502.CHK' web='true' manage='false' subdoc_tag='null' subdoc_ver='null'>
        </suboperation>
      </suboperations>
    </subprocedure>
    <subprocedure tag='FOR_STATUS' version='2' description='wewererer' state='6' effective='2024-01-26T06:20:52' expiration='' UId='123(apem-c-d7.qae.aspentech.com_1638770507199)' orig_version='2' sourceLanguage='1148141361.CHK'>
      <suboperations>
        <suboperation tag='CREATE' description='test' version='1' source='1148141361_1148141495.CHK' web='true' manage='false' subdoc_tag='null' subdoc_ver='null'>
        </suboperation>
        <suboperation tag='IMPORT' description='test' version='2' source='1148141361_1148149504.CHK' web='true' manage='false' subdoc_tag='null' subdoc_ver='null'>
        </suboperation>
        <suboperation tag='IMPORT2' description='test' version='3' source='1148141361_1148151491.CHK' web='true' manage='false' subdoc_tag='null' subdoc_ver='null'>
        </suboperation>
        <suboperation tag='HAHAHHAH' description='test' version='4' source='1148141361_1148147498.CHK' web='true' manage='false' subdoc_tag='null' subdoc_ver='null'>
        </suboperation>
        <suboperation tag='TRGRGFHFH' description='test' version='5' source='1148141361_1148153494.CHK' web='true' manage='false' subdoc_tag='null' subdoc_ver='null'>
        </suboperation>
        <suboperation tag='FGDFGHFHF' description='test' version='6' source='1148141361_1148143507.CHK' web='true' manage='false' subdoc_tag='null' subdoc_ver='null'>
        </suboperation>
        <suboperation tag='FGFGFSDSDAS' description='test' version='7' source='1148141361_1148145496.CHK' web='true' manage='false' subdoc_tag='null' subdoc_ver='null'>
        </suboperation>
      </suboperations>
    </subprocedure>
  </subprocedures>
  <resources>
    <resource tag='Edit active initially-empty control recipe' version='1' description='null'>
    </resource>
    <resource tag='Edit planned initially-empty control recipe' version='2' description='null'>
    </resource>
  </resources>
</template>
