<?xml version="1.0" encoding="UTF-8"?>
<template xmlns:xsi="http://www.w3.org/2001/XMLSchema-instance"
xsi:noNamespaceSchemaLocation='eschemaTemplate.xsd'>
<metadata tag='API_ORDER_STATE' description='asasas' version='3' UId='123(ziru-s2022-3.qae.aspentech.com_1712882597444)' category='' solutionId='' user='qaone1' date='2024-04-24T01:20:35'/>
  <procedures>
    <procedure tag='R468668' version='1' description='dsdsds' state='6' effective='2024-04-23T05:44:17' expiration='' UId='123(ziru-s2022-3.qae.aspentech.com_1712882597444)' orig_version='1' resPlan='null' resActv='null' source='159113915.CHK' pfcLevel='3' procType='null' batchArea='null' procTypeDesc='null'>
      <operations>
        <operation tag='PHASE17' description='PHASE17' version='1' auto_start='false' user_resource='null' wst_resource='null'>
        </operation>
      </operations>
      <subproceduresLinked>
        <subprocedureLink tag='BPL468668' version='1' is_primary='1'>
        </subprocedureLink>
      </subproceduresLinked>
    </procedure>
    <procedure tag='R481813' version='1' description='ddfsf' state='6' effective='2024-04-23T05:44:17' expiration='' UId='123(ziru-s2022-3.qae.aspentech.com_1712882597444)' orig_version='1' resPlan='null' resActv='null' source='159118905.CHK' pfcLevel='3' procType='null' batchArea='null' procTypeDesc='null'>
      <operations>
        <operation tag='PHASE17' description='PHASE17' version='1' auto_start='false' user_resource='null' wst_resource='null'>
        </operation>
      </operations>
      <subproceduresLinked>
        <subprocedureLink tag='BPL481813' version='1' is_primary='1'>
        </subprocedureLink>
      </subproceduresLinked>
    </procedure>
    <procedure tag='RB481812' version='1' description='sdsdd' state='6' effective='2024-04-24T01:14:17' expiration='' UId='123(ziru-s2022-3.qae.aspentech.com_1712882597444)' orig_version='1' resPlan='null' resActv='null' source='229272666.CHK' pfcLevel='3' procType='null' batchArea='null' procTypeDesc='null'>
      <operations>
        <operation tag='PHASE17' description='PHASE17' version='1' auto_start='false' user_resource='null' wst_resource='null'>
        </operation>
      </operations>
      <subproceduresLinked>
        <subprocedureLink tag='B481813' version='1' is_primary='1'>
        </subprocedureLink>
      </subproceduresLinked>
    </procedure>
    <procedure tag='TEST_RPL3' version='1' description='A' state='6' effective='2024-04-23T06:23:08' expiration='' UId='?(DUJI1.corp.aspentech.com_1567065091693)' orig_version='1' resPlan='null' resActv='null' source='161438911.CHK' pfcLevel='3' procType='null' batchArea='null' procTypeDesc='null'>
      <operations>
        <operation tag='PHASE22' description='PHASE22' version='1' auto_start='false' user_resource='null' wst_resource='null'>
        </operation>
      </operations>
      <subproceduresLinked>
        <subprocedureLink tag='TEST_BP1' version='1' is_primary='1'>
        </subprocedureLink>
      </subproceduresLinked>
    </procedure>
  </procedures>
  <subprocedures>
    <subprocedure tag='B481813' version='1' description='wqqw' state='6' effective='2024-04-24T01:12:56' expiration='' UId='123(ziru-s2022-3.qae.aspentech.com_1712882597444)' orig_version='1' sourceLanguage='229198379.CHK'>
      <suboperations>
        <suboperation tag='IMPORT' description='ewwewe' version='1' source='229198379_227197472.CHK' web='true' manage='false' subdoc_tag='null' subdoc_ver='null'>
        </suboperation>
      </suboperations>
    </subprocedure>
    <subprocedure tag='BPL468668' version='1' description='test for case 468668' state='6' effective='2024-04-23T05:44:17' expiration='' UId='123(ziru-s2022-3.qae.aspentech.com_1712882597444)' orig_version='1' sourceLanguage='159106213.CHK'>
      <suboperations>
        <suboperation tag='GET_ORDER_STATE' description='err' version='1' source='159106213_159106219.CHK' web='true' manage='false' subdoc_tag='null' subdoc_ver='null'>
        </suboperation>
      </suboperations>
    </subprocedure>
    <subprocedure tag='BPL481813' version='1' description='test for case 481813' state='6' effective='2024-04-23T05:44:17' expiration='' UId='123(ziru-s2022-3.qae.aspentech.com_1712882597444)' orig_version='1' sourceLanguage='159107914.CHK'>
      <suboperations>
        <suboperation tag='SQL_SELECT_ONE' description='sdsd' version='1' source='159107914_159108900.CHK' web='true' manage='false' subdoc_tag='null' subdoc_ver='null'>
        </suboperation>
      </suboperations>
    </subprocedure>
    <subprocedure tag='TEST_BP1' version='1' description='A' state='6' effective='2024-04-23T06:23:08' expiration='' UId='?(dujiawei.rnd.aspentech.com_1561368373571)' orig_version='1' sourceLanguage='161437175.CHK'>
      <suboperations>
        <suboperation tag='TEST_BP' description='A' version='1' source='161437175_161437180.CHK' web='true' manage='true' subdoc_tag='null' subdoc_ver='null'>
        </suboperation>
      </suboperations>
    </subprocedure>
    <subprocedure tag='TEST_ORDER_BP' version='1' description='a' state='0' effective='' expiration='' sourceLanguage='159110910.CHK'>
      <suboperations>
        <suboperation tag='BP' description='a' version='1' source='159110910_159111904.CHK' web='true' manage='true' subdoc_tag='null' subdoc_ver='null'>
        </suboperation>
      </suboperations>
    </subprocedure>
  </subprocedures>
</template>
