<?xml version="1.0" encoding="UTF-8"?>
<template xmlns:xsi="http://www.w3.org/2001/XMLSchema-instance"
xsi:noNamespaceSchemaLocation='eschemaTemplate.xsd'>
<metadata tag='CASE977000' description='1' version='1' UId='123(Oliga-2022-2.qae.aspentech.com_1708411086784)' category='1' solutionId='1' user='qaone1' date='2024-03-14T02:01:38'/>
  <procedures>
    <procedure tag='RPL977000' version='1' description='Session Manager Cancel phase' state='6' effective='2024-03-14T02:01:00' expiration='' UId='123(Oliga-2022-2.qae.aspentech.com_1708411086784)' orig_version='1' resPlan='null' resActv='null' source='984572419.CHK' pfcLevel='3' procType='null' batchArea='null' procTypeDesc='null'>
      <operations>
        <operation tag='PHASE17' description='PHASE17' version='1' auto_start='false' user_resource='null' wst_resource='null'>
        </operation>
      </operations>
      <subproceduresLinked>
        <subprocedureLink tag='BPL977000' version='1' is_primary='1'>
        </subprocedureLink>
      </subproceduresLinked>
    </procedure>
  </procedures>
  <subprocedures>
    <subprocedure tag='BPL977000' version='1' description='Session Manager' state='6' effective='2024-03-14T01:58:48' expiration='' UId='123(Oliga-2022-2.qae.aspentech.com_1708411086784)' orig_version='1' sourceLanguage='984534297.CHK'>
      <suboperations>
        <suboperation tag='BPL976973' description='Session Manager' version='1' source='984534297_911910163.CHK' web='true' manage='true' subdoc_tag='null' subdoc_ver='null'>
        </suboperation>
      </suboperations>
    </subprocedure>
  </subprocedures>
</template>
