<?xml version="1.0" encoding="UTF-8"?>
<template xmlns:xsi="http://www.w3.org/2001/XMLSchema-instance"
xsi:noNamespaceSchemaLocation='eschemaTemplate.xsd'>
<metadata tag='TEMP912584' description='sas' version='3' UId='123(ziru-2022-1.qae.aspentech.com_1702943217225)' category='' solutionId='' user='qaone1' date='2023-12-26T02:51:17'/>
  <subprocedures>
    <subprocedure tag='BPL912584_1' version='1' description='wewererer' state='6' effective='2023-12-25T05:33:56' expiration='' UId='123(ziru-2022-1.qae.aspentech.com_1702943217225)' orig_version='1' sourceLanguage='-1619788696.CHK'>
      <suboperations>
        <suboperation tag='CREATE' description='test' version='1' source='-1619788696_1714177804.CHK' web='true' manage='false' subdoc_tag='null' subdoc_ver='null'>
        </suboperation>
        <suboperation tag='IMPORT' description='test' version='2' source='-1619788696_1714185791.CHK' web='true' manage='false' subdoc_tag='null' subdoc_ver='null'>
        </suboperation>
      </suboperations>
    </subprocedure>
    <subprocedure tag='BPL912584_1' version='2' description='huhuhuhu' state='6' effective='2023-12-25T07:06:50' expiration='' UId='123(ziru-2022-1.qae.aspentech.com_1702943217225)' orig_version='2' sourceLanguage='-1614045345.CHK'>
      <suboperations>
        <suboperation tag='CREATE' description='test' version='1' source='-1614045345_1714177804.CHK' web='true' manage='false' subdoc_tag='null' subdoc_ver='null'>
        </suboperation>
        <suboperation tag='IMPORT' description='test' version='2' source='-1614045345_1714185791.CHK' web='true' manage='false' subdoc_tag='null' subdoc_ver='null'>
        </suboperation>
      </suboperations>
    </subprocedure>
    <subprocedure tag='BPL912584_2' version='1' description='BPL2' state='6' effective='2023-12-25T05:34:17' expiration='' UId='123(ziru-2022-1.qae.aspentech.com_1702943217225)' orig_version='1' sourceLanguage='-1619718920.CHK'>
      <suboperations>
        <suboperation tag='BP_NONWEB' description='test' version='1' source='-1619718920_1714177804.CHK' web='false' manage='false' subdoc_tag='null' subdoc_ver='null'>
        </suboperation>
        <suboperation tag='BP001' description='test' version='2' source='-1619718920_1714185791.CHK' web='true' manage='false' subdoc_tag='null' subdoc_ver='null'>
        </suboperation>
      </suboperations>
    </subprocedure>
    <subprocedure tag='BPL912584_3' version='1' description='BPL3' state='9' effective='' expiration='' sourceLanguage='-1619645253.CHK'>
      <suboperations>
        <suboperation tag='BP_NOCERTIFY' description='test' version='1' source='-1619645253_1714177804.CHK' web='true' manage='false' subdoc_tag='null' subdoc_ver='null'>
        </suboperation>
        <suboperation tag='BP002' description='test' version='2' source='-1619645253_1714185791.CHK' web='false' manage='false' subdoc_tag='null' subdoc_ver='null'>
        </suboperation>
      </suboperations>
    </subprocedure>
    <subprocedure tag='BPL912584_3' version='2' description='BPL3' state='9' effective='' expiration='' sourceLanguage='-1546517508.CHK'>
      <suboperations>
        <suboperation tag='BP_NOCERTIFY' description='test' version='1' source='-1546517508_-1546515498.CHK' web='false' manage='false' subdoc_tag='null' subdoc_ver='null'>
        </suboperation>
        <suboperation tag='BP002' description='test' version='2' source='-1546517508_-1546517489.CHK' web='true' manage='false' subdoc_tag='null' subdoc_ver='null'>
        </suboperation>
      </suboperations>
    </subprocedure>
  </subprocedures>
</template>
