<?xml version="1.0" encoding="UTF-8"?>
<template xmlns:xsi="http://www.w3.org/2001/XMLSchema-instance"
xsi:noNamespaceSchemaLocation='eschemaTemplate.xsd'>
<metadata tag='TEMP912584' description='1' version='1' UId='123(Oliga-2022-2.qae.aspentech.com_1706061772196)' category='1' solutionId='1' user='qaone1' date='2024-01-31T06:40:51'/>
  <subprocedures>
    <subprocedure tag='BPL912584_1' version='1' description='wewererer' state='6' effective='2024-01-31T06:39:36' expiration='' UId='123(ziru-2022-1.qae.aspentech.com_1702943217225)' orig_version='1' sourceLanguage='1581160158.CHK'>
      <suboperations>
        <suboperation tag='CREATE' description='test' version='1' source='1581160158_1581160160.CHK' web='true' manage='false' subdoc_tag='null' subdoc_ver='null'>
        </suboperation>
        <suboperation tag='IMPORT' description='test' version='2' source='1581160158_1581161498.CHK' web='true' manage='false' subdoc_tag='null' subdoc_ver='null'>
        </suboperation>
      </suboperations>
    </subprocedure>
    <subprocedure tag='BPL912584_1' version='2' description='huhuhuhu' state='6' effective='2024-01-31T06:39:36' expiration='' UId='123(ziru-2022-1.qae.aspentech.com_1702943217225)' orig_version='2' sourceLanguage='1581163493.CHK'>
      <suboperations>
        <suboperation tag='CREATE' description='test' version='1' source='1581163493_1581164490.CHK' web='true' manage='false' subdoc_tag='null' subdoc_ver='null'>
        </suboperation>
        <suboperation tag='IMPORT' description='test' version='2' source='1581163493_1581166498.CHK' web='true' manage='false' subdoc_tag='null' subdoc_ver='null'>
        </suboperation>
      </suboperations>
    </subprocedure>
    <subprocedure tag='BPL912584_2' version='1' description='BPL2' state='6' effective='2024-01-31T06:39:36' expiration='' UId='123(ziru-2022-1.qae.aspentech.com_1702943217225)' orig_version='1' sourceLanguage='1581168497.CHK'>
      <suboperations>
        <suboperation tag='BP_NONWEB' description='test' version='1' source='1581168497_1581171494.CHK' web='false' manage='false' subdoc_tag='null' subdoc_ver='null'>
        </suboperation>
        <suboperation tag='BP001' description='test' version='2' source='1581168497_1581169492.CHK' web='true' manage='false' subdoc_tag='null' subdoc_ver='null'>
        </suboperation>
      </suboperations>
    </subprocedure>
    <subprocedure tag='BPL912584_3' version='1' description='BPL3' state='9' effective='' expiration='' sourceLanguage='1581173498.CHK'>
      <suboperations>
        <suboperation tag='BP_NOCERTIFY' description='test' version='1' source='1581173498_1581176494.CHK' web='true' manage='false' subdoc_tag='null' subdoc_ver='null'>
        </suboperation>
        <suboperation tag='BP002' description='test' version='2' source='1581173498_1581174495.CHK' web='false' manage='false' subdoc_tag='null' subdoc_ver='null'>
        </suboperation>
      </suboperations>
    </subprocedure>
    <subprocedure tag='BPL912584_3' version='2' description='BPL3' state='9' effective='' expiration='' sourceLanguage='1581178499.CHK'>
      <suboperations>
        <suboperation tag='BP_NOCERTIFY' description='test' version='1' source='1581178499_1581181493.CHK' web='false' manage='false' subdoc_tag='null' subdoc_ver='null'>
        </suboperation>
        <suboperation tag='BP002' description='test' version='2' source='1581178499_1581179495.CHK' web='true' manage='false' subdoc_tag='null' subdoc_ver='null'>
        </suboperation>
      </suboperations>
    </subprocedure>
  </subprocedures>
</template>
