<?xml version="1.0" encoding="UTF-8"?>
<template xmlns:xsi="http://www.w3.org/2001/XMLSchema-instance"
xsi:noNamespaceSchemaLocation='eschemaTemplate.xsd'>
<metadata tag='TEMP492205' description='sd' version='1' UId='123(ziru-s2022-3.qae.aspentech.com_1712882597444)' category='' solutionId='' user='qaone1' date='2024-04-25T05:49:06'/>
  <procedures>
    <procedure tag='RPL492205' version='1' description='test for case492205' state='6' effective='2024-04-25T05:44:15' expiration='' UId='123(ziru-s2022-3.qae.aspentech.com_1712882597444)' orig_version='1' resPlan='Edit active initially-empty control recipe' resActv='Edit planned initially-empty control recipe' source='331872005.CHK' pfcLevel='3' procType='null' batchArea='null' procTypeDesc='null'>
      <operations>
        <operation tag='PHASE55' description='PHASE55' version='1' auto_start='false' user_resource='null' wst_resource='null'>
        </operation>
        <operation tag='PHASE58' description='PHASE58' version='2' auto_start='false' user_resource='null' wst_resource='null'>
        </operation>
        <operation tag='PHASE61' description='PHASE61' version='3' auto_start='false' user_resource='null' wst_resource='null'>
        </operation>
        <operation tag='PHASE64' description='PHASE64' version='4' auto_start='false' user_resource='null' wst_resource='null'>
        </operation>
        <operation tag='PHASE67' description='PHASE67' version='5' auto_start='false' user_resource='null' wst_resource='null'>
        </operation>
        <operation tag='PHASE70' description='PHASE70' version='6' auto_start='false' user_resource='null' wst_resource='null'>
        </operation>
        <operation tag='PHASE73' description='PHASE73' version='7' auto_start='false' user_resource='null' wst_resource='null'>
        </operation>
      </operations>
      <associatedDocuments>
        <document tag='TESTDOCUMENT' version='1' description='asasas' state='0' effective='' expiration='' source='331872005_331885101.CHK'>
        </document>
      </associatedDocuments>
      <subproceduresLinked>
        <subprocedureLink tag='FOR_STATUS' version='1' is_primary='1'>
        </subprocedureLink>
      </subproceduresLinked>
    </procedure>
  </procedures>
  <subprocedures>
    <subprocedure tag='FOR_STATUS' version='1' description='wewererer' state='6' effective='2024-04-23T05:34:02' expiration='' UId='123(apem-c-d7.qae.aspentech.com_1638770507199)' orig_version='1' sourceLanguage='158515911.CHK'>
      <suboperations>
        <suboperation tag='CREATE' description='test' version='1' source='158515911_158516905.CHK' web='true' manage='false' subdoc_tag='null' subdoc_ver='null'>
        </suboperation>
        <suboperation tag='IMPORT' description='test' version='2' source='158515911_158524902.CHK' web='true' manage='false' subdoc_tag='null' subdoc_ver='null'>
        </suboperation>
        <suboperation tag='IMPORT2' description='test' version='3' source='158515911_158526906.CHK' web='true' manage='false' subdoc_tag='null' subdoc_ver='null'>
        </suboperation>
        <suboperation tag='HAHAHHAH' description='test' version='4' source='158515911_158522904.CHK' web='true' manage='false' subdoc_tag='null' subdoc_ver='null'>
        </suboperation>
        <suboperation tag='TRGRGFHFH' description='test' version='5' source='158515911_158528897.CHK' web='true' manage='false' subdoc_tag='null' subdoc_ver='null'>
        </suboperation>
        <suboperation tag='FGDFGHFHF' description='test' version='6' source='158515911_158518903.CHK' web='true' manage='false' subdoc_tag='null' subdoc_ver='null'>
        </suboperation>
        <suboperation tag='FGFGFSDSDAS' description='test' version='7' source='158515911_158520902.CHK' web='true' manage='false' subdoc_tag='null' subdoc_ver='null'>
        </suboperation>
      </suboperations>
    </subprocedure>
  </subprocedures>
  <resources>
    <resource tag='Edit active initially-empty control recipe' version='1' description='null'>
    </resource>
    <resource tag='Edit planned initially-empty control recipe' version='2' description='null'>
    </resource>
  </resources>
</template>
