<?xml version="1.0" encoding="UTF-8"?>
<template xmlns:xsi="http://www.w3.org/2001/XMLSchema-instance"
xsi:noNamespaceSchemaLocation='eschemaTemplate.xsd'>
<metadata tag='CASE850241' description='1' version='1' UId='123(Oliga-2022-2.qae.aspentech.com_1706061772196)' category='1' solutionId='1' user='qaone1' date='2024-01-31T06:14:33'/>
  <procedures>
    <procedure tag='RPL850241' version='1' description='BatchRPL' state='6' effective='2024-01-31T06:13:38' expiration='' UId='.(Oliga-2022-2.qae.aspentech.com_1700100719334)' orig_version='3' resPlan='null' resActv='null' source='1579603496.CHK' pfcLevel='3' procType='null' procTypeDesc='null'>
      <operations>
        <operation tag='PHASE17' description='PHASE17' version='1' auto_start='false' user_resource='null' wst_resource='null'>
        </operation>
      </operations>
      <subproceduresLinked>
        <subprocedureLink tag='BPL850241' version='1' is_primary='1'>
        </subprocedureLink>
      </subproceduresLinked>
    </procedure>
    <procedure tag='RPL850241SP' version='1' description='BatchAPI' state='6' effective='2024-01-31T06:13:38' expiration='' UId='.(Oliga-2022-2.qae.aspentech.com_1700100719334)' orig_version='3' resPlan='null' resActv='null' source='1579608503.CHK' pfcLevel='3' procType='null' procTypeDesc='null'>
      <operations>
        <operation tag='PHASE17' description='PHASE17' version='1' auto_start='false' user_resource='null' wst_resource='null'>
        </operation>
      </operations>
      <subproceduresLinked>
        <subprocedureLink tag='BPL850241' version='1' is_primary='1'>
        </subprocedureLink>
      </subproceduresLinked>
    </procedure>
  </procedures>
  <subprocedures>
    <subprocedure tag='BPL850241' version='1' description='Batch record' state='6' effective='2024-01-31T06:13:38' expiration='' UId='.(Oliga-2022-2.qae.aspentech.com_1700100719334)' orig_version='2' sourceLanguage='1579602083.CHK'>
      <suboperations>
        <suboperation tag='BATCH' description='read batch' version='1' source='1579602083_1579602085.CHK' web='true' manage='true' subdoc_tag='null' subdoc_ver='null'>
        </suboperation>
      </suboperations>
    </subprocedure>
  </subprocedures>
</template>
