<?xml version="1.0" encoding="UTF-8"?>
<template xmlns:xsi="http://www.w3.org/2001/XMLSchema-instance"
xsi:noNamespaceSchemaLocation='eschemaTemplate.xsd'>
<metadata tag='CASE850241' description='CASE850241' version='CASE850241' UId='.(Oliga-2022-2.qae.aspentech.com_1700100719334)' category='' solutionId='' user='qaone1' date='2023-12-28T06:13:27'/>
  <procedures>
    <procedure tag='RPL850241' version='3' description='BatchRPL' state='6' effective='2023-12-28T06:11:42' expiration='' UId='.(Oliga-2022-2.qae.aspentech.com_1700100719334)' orig_version='3' resPlan='null' resActv='null' source='-1358101454.CHK' pfcLevel='3' procType='null' procTypeDesc='null'>
      <operations>
        <operation tag='PHASE17' description='PHASE17' version='1' auto_start='false' user_resource='null' wst_resource='null'>
        </operation>
      </operations>
      <subproceduresLinked>
        <subprocedureLink tag='BPL850241' version='2' is_primary='1'>
        </subprocedureLink>
      </subproceduresLinked>
    </procedure>
    <procedure tag='RPL850241SP' version='3' description='BatchAPI' state='6' effective='2023-12-28T06:11:42' expiration='' UId='.(Oliga-2022-2.qae.aspentech.com_1700100719334)' orig_version='3' resPlan='null' resActv='null' source='-1358105655.CHK' pfcLevel='3' procType='null' procTypeDesc='null'>
      <operations>
        <operation tag='PHASE17' description='PHASE17' version='1' auto_start='false' user_resource='null' wst_resource='null'>
        </operation>
      </operations>
      <subproceduresLinked>
        <subprocedureLink tag='BPL850241' version='2' is_primary='1'>
        </subprocedureLink>
      </subproceduresLinked>
    </procedure>
  </procedures>
  <subprocedures>
    <subprocedure tag='BPL850241' version='2' description='Batch record' state='6' effective='2023-12-28T06:09:39' expiration='' UId='.(Oliga-2022-2.qae.aspentech.com_1700100719334)' orig_version='2' sourceLanguage='-1358235496.CHK'>
      <suboperations>
        <suboperation tag='BATCH' description='read batch' version='1' source='-1358235496_-1358234500.CHK' web='true' manage='true' subdoc_tag='null' subdoc_ver='null'>
        </suboperation>
      </suboperations>
    </subprocedure>
  </subprocedures>
</template>
