<?xml version="1.0" encoding="UTF-8"?>
<template xmlns:xsi="http://www.w3.org/2001/XMLSchema-instance"
xsi:noNamespaceSchemaLocation='eschemaTemplate.xsd'>
<metadata tag='BPL503586' description='1' version='1' UId='.(mvt-mes-s-d1.qae.aspentech.com_1714615238628)' category='1' solutionId='1' user='qaone1' date='2024-05-07T06:06:06'/>
  <subprocedures>
    <subprocedure tag='BPL503586' version='1' description='SQL_UPDATE' state='0' effective='' expiration='' sourceLanguage='1356325086.CHK'>
      <suboperations>
        <suboperation tag='SQL_UPDATE' description='SQL_UPDATE' version='1' source='1356325086_1356358767.CHK' web='true' manage='true' subdoc_tag='null' subdoc_ver='null'>
        </suboperation>
      </suboperations>
    </subprocedure>
  </subprocedures>
</template>
