<?xml version="1.0" encoding="UTF-8"?>
<template xmlns:xsi="http://www.w3.org/2001/XMLSchema-instance"
xsi:noNamespaceSchemaLocation='eschemaTemplate.xsd'>
<metadata tag='CREATEORDERBYAPI' description='test' version='1' UId='b14-s2012-3(b14-s2012-3.dev.aspentech.com_1449469911356)' category='' solutionId='' user='qapart' date='2015-12-11T06:31:29'/>
  <procedures>
    <procedure tag='CREATEORDER' version='1' description='TEST' state='5' effective='2015-12-11T06:23:55' expiration='' UId='b14-s2012-3(b14-s2012-3.dev.aspentech.com_1449469911356)' orig_version='1' resPlan='null' resActv='null' source='-1884186565.CHK' pfcLevel='3' procType='null' procTypeDesc='null'>
      <operations>
        <operation tag='PHASE17' description='PHASE17' version='1' auto_start='false' user_resource='null' wst_resource='null'>
        </operation>
      </operations>
      <subproceduresLinked>
        <subprocedureLink tag='CREATEORDER' version='1' is_primary='1'>
        </subprocedureLink>
      </subproceduresLinked>
    </procedure>
  </procedures>
  <subprocedures>
    <subprocedure tag='CREATEORDER' version='1' description='test' state='5' effective='2015-12-11T06:23:43' expiration='' UId='b14-s2012-3(b14-s2012-3.dev.aspentech.com_1449469911356)' orig_version='1' sourceLanguage='-1884651132.CHK'>
      <suboperations>
        <suboperation tag='TEST' description='test' version='1' source='-1884651132_-1885326333.CHK' web='true' manage='true' subdoc_tag='null' subdoc_ver='null'>
        </suboperation>
      </suboperations>
    </subprocedure>
  </subprocedures>
</template>
