<?xml version="1.0" encoding="UTF-8"?>
<template xmlns:xsi="http://www.w3.org/2001/XMLSchema-instance"
xsi:noNamespaceSchemaLocation='eschemaTemplate.xsd'>
<metadata tag='CASE1342249' description='2' version='2' UId='.(Oliga-2022-2.qae.aspentech.com_1710811797119)' category='2' solutionId='2' user='qaone1' date='2024-03-21T07:53:18'/>
  <procedures>
    <procedure tag='RPL1342249' version='2' description='checklist' state='6' effective='2024-03-21T07:52:24' expiration='' UId='.(Oliga-2022-2.qae.aspentech.com_1710811797119)' orig_version='2' resPlan='null' resActv='null' source='1610523382.CHK' pfcLevel='3' procType='null' batchArea='null' procTypeDesc='null'>
      <operations>
        <operation tag='PHASE17' description='PHASE17' version='1' auto_start='false' user_resource='null' wst_resource='null'>
        </operation>
      </operations>
      <subproceduresLinked>
        <subprocedureLink tag='BPL1342249' version='2' is_primary='1'>
        </subprocedureLink>
      </subproceduresLinked>
    </procedure>
  </procedures>
  <subprocedures>
    <subprocedure tag='BPL1342249' version='2' description='Checklist' state='6' effective='2024-03-21T07:51:31' expiration='' UId='.(Oliga-2022-2.qae.aspentech.com_1710811797119)' orig_version='2' sourceLanguage='1610464124.CHK'>
      <suboperations>
        <suboperation tag='CHECKLIST' description='checklist' version='1' source='1610464124_1589093894.CHK' web='true' manage='true' subdoc_tag='null' subdoc_ver='null'>
        </suboperation>
      </suboperations>
      <subProcLanguages>
        <subProcLanguage tag='EN' description='English' version='1' source='1610464124_1431427203.CHK' is_default='true'>
        </subProcLanguage>
        <subProcLanguage tag='FR' description='French' version='1' source='1610464124_1431431198.CHK' is_default='false'>
        </subProcLanguage>
        <subProcLanguage tag='IT' description='Italian' version='1' source='1610464124_1431433194.CHK' is_default='false'>
        </subProcLanguage>
        <subProcLanguage tag='JA' description='Japanese' version='1' source='1610464124_1431435197.CHK' is_default='false'>
        </subProcLanguage>
        <subProcLanguage tag='KO' description='Korean' version='1' source='1610464124_1431437195.CHK' is_default='false'>
        </subProcLanguage>
        <subProcLanguage tag='PT' description='Portuguese' version='1' source='1610464124_1431439193.CHK' is_default='false'>
        </subProcLanguage>
      </subProcLanguages>
    </subprocedure>
  </subprocedures>
</template>
