<?xml version="1.0" encoding="UTF-8"?>
<template xmlns:xsi="http://www.w3.org/2001/XMLSchema-instance"
xsi:noNamespaceSchemaLocation='eschemaTemplate.xsd'>
<metadata tag='CASE976953' description='1' version='1' UId='123(Oliga-2022-2.qae.aspentech.com_1708411086784)' category='1' solutionId='1' user='qaone1' date='2024-03-13T02:54:33'/>
  <procedures>
    <procedure tag='RPL976953' version='1' description='Session Manager' state='6' effective='2024-03-13T02:00:06' expiration='' UId='123(Oliga-2022-2.qae.aspentech.com_1708411086784)' orig_version='1' resPlan='null' resActv='null' source='898038245.CHK' pfcLevel='3' procType='null' batchArea='null' procTypeDesc='null'>
      <operations>
        <operation tag='TEST1' description='PHASE17' version='1' auto_start='false' user_resource='null' wst_resource='null'>
        </operation>
        <operation tag='TEST2' description='PHASE32' version='2' auto_start='false' user_resource='null' wst_resource='null'>
        </operation>
        <operation tag='DATA1' description='PHASE29' version='3' auto_start='false' user_resource='null' wst_resource='null'>
        </operation>
      </operations>
      <subproceduresLinked>
        <subprocedureLink tag='BPL976953' version='2' is_primary='1'>
        </subprocedureLink>
      </subproceduresLinked>
    </procedure>
  </procedures>
  <subprocedures>
    <subprocedure tag='BPL976953' version='2' description='Session Manager' state='6' effective='2024-03-13T01:56:23' expiration='' UId='123(Oliga-2022-2.qae.aspentech.com_1708411086784)' orig_version='2' sourceLanguage='897976616.CHK'>
      <suboperations>
        <suboperation tag='BPL976953' description='Session Manager' version='1' source='897976616_-219443355.CHK' web='true' manage='true' subdoc_tag='null' subdoc_ver='null'>
        </suboperation>
      </suboperations>
    </subprocedure>
  </subprocedures>
</template>
