<?xml version="1.0" encoding="UTF-8"?>
<template xmlns:xsi="http://www.w3.org/2001/XMLSchema-instance"
xsi:noNamespaceSchemaLocation='eschemaTemplate.xsd'>
<metadata tag='CASE213769' description='ss' version='1' UId='123(ziru-2022-1.qae.aspentech.com_1704851575861)' category='' solutionId='' user='qaone1' date='2024-01-31T06:10:59'/>
  <procedures>
    <procedure tag='RPL213769' version='1' description='asas' state='0' effective='' expiration='' resPlan='null' resActv='null' source='1578914848.CHK' pfcLevel='3' procType='null' procTypeDesc='null'>
      <associatedDocuments>
        <document tag='DOC213769' version='1' description='ds' state='0' effective='' expiration='' source='1578914848_1578983660.CHK'>
        </document>
      </associatedDocuments>
      <subproceduresLinked>
        <subprocedureLink tag='BPL213769' version='1' is_primary='1'>
        </subprocedureLink>
      </subproceduresLinked>
    </procedure>
  </procedures>
  <subprocedures>
    <subprocedure tag='BPL213769' version='1' description='Test for' state='9' effective='' expiration='' sourceLanguage='1578812492.CHK'>
      <suboperations>
        <suboperation tag='FIRST_TEST' description='3PARAMS Firest test long description test the dispaly of the description' version='1' source='1578812492_970973500.CHK' web='true' manage='true' subdoc_tag='null' subdoc_ver='null'>
        </suboperation>
        <suboperation tag='SECOND_TEST' description='BP second test long description test the dispaly of the description' version='2' source='1578812492_970979493.CHK' web='true' manage='true' subdoc_tag='null' subdoc_ver='null'>
        </suboperation>
        <suboperation tag='THIRD_TEST' description='BP2 third test long description test the dispaly of the description' version='3' source='1578812492_970983500.CHK' web='true' manage='true' subdoc_tag='null' subdoc_ver='null'>
        </suboperation>
        <suboperation tag='FOURTH_TEST' description='Fourth test long description test the dispaly of the description' version='4' source='1578812492_970977501.CHK' web='true' manage='true' subdoc_tag='null' subdoc_ver='null'>
        </suboperation>
        <suboperation tag='FITHTH_TEST_XY' description='test long description test the dispaly of the description' version='5' source='1578812492_970975503.CHK' web='true' manage='true' subdoc_tag='null' subdoc_ver='null'>
        </suboperation>
        <suboperation tag='SIXTH_TEST' description='test long description test the dispaly of the description' version='6' source='1578812492_970981493.CHK' web='true' manage='true' subdoc_tag='null' subdoc_ver='null'>
        </suboperation>
        <suboperation tag='77777_TEST' description='test long description test the dispaly of the description' version='7' source='1578812492_970967642.CHK' web='true' manage='true' subdoc_tag='null' subdoc_ver='null'>
        </suboperation>
        <suboperation tag='88888_TEST' description='test long description test the dispaly of the description' version='8' source='1578812492_970969495.CHK' web='true' manage='true' subdoc_tag='null' subdoc_ver='null'>
        </suboperation>
        <suboperation tag='99999_TEST' description='test long description test the dispaly of the description' version='9' source='1578812492_970971499.CHK' web='true' manage='true' subdoc_tag='null' subdoc_ver='null'>
        </suboperation>
        <suboperation tag='100000_TEST' description='test long description test the dispaly of the description' version='10' source='1578812492_970966417.CHK' web='true' manage='true' subdoc_tag='null' subdoc_ver='null'>
        </suboperation>
      </suboperations>
      <scripts>
        <script tag='TEST' description='test' version='1' source='1578812492_970985519.CHK'>
        </script>
      </scripts>
      <associatedDocuments>
        <document tag='SUBDOC213769' version='1' description='for test' state='0' effective='' expiration='' source='1578812492_1578835030.CHK'>
        </document>
      </associatedDocuments>
    </subprocedure>
  </subprocedures>
</template>
