<?xml version="1.0" encoding="UTF-8"?>
<template xmlns:xsi="http://www.w3.org/2001/XMLSchema-instance"
xsi:noNamespaceSchemaLocation='eschemaTemplate.xsd'>
<metadata tag='TEMP1364821' description='ds' version='1' UId='123(ziru-s2022-1.qae.aspentech.com_1715133498724)' category='' solutionId='' user='qaone1' date='2024-05-29T02:43:12'/>
  <procedures>
    <procedure tag='RPL1364821' version='1' description='test' state='6' effective='2024-05-29T02:41:50' expiration='' UId='123(ziru-s2022-1.qae.aspentech.com_1715133498724)' orig_version='1' resPlan='Edit active initially-empty control recipe' resActv='Edit planned initially-empty control recipe' source='-1036453376.CHK' pfcLevel='3' procType='null' batchArea='null' procTypeDesc='null'>
      <operations>
        <operation tag='PHASE55' description='PHASE55' version='1' auto_start='false' user_resource='null' wst_resource='null'>
        </operation>
        <operation tag='PHASE58' description='PHASE58' version='2' auto_start='false' user_resource='null' wst_resource='null'>
        </operation>
        <operation tag='PHASE67' description='PHASE67' version='3' auto_start='false' user_resource='null' wst_resource='null'>
        </operation>
      </operations>
      <subproceduresLinked>
        <subprocedureLink tag='FOR_STATUS' version='1' is_primary='1'>
        </subprocedureLink>
      </subproceduresLinked>
    </procedure>
  </procedures>
  <subprocedures>
    <subprocedure tag='FOR_STATUS' version='1' description='wewererer' state='6' effective='2024-05-28T02:46:36' expiration='' UId='123(apem-c-d7.qae.aspentech.com_1638770507199)' orig_version='1' sourceLanguage='-1122497360.CHK'>
      <suboperations>
        <suboperation tag='CREATE' description='test' version='1' source='-1122497360_-1122496388.CHK' web='true' manage='false' subdoc_tag='null' subdoc_ver='null'>
        </suboperation>
        <suboperation tag='IMPORT' description='test' version='2' source='-1122497360_-1122488390.CHK' web='true' manage='false' subdoc_tag='null' subdoc_ver='null'>
        </suboperation>
        <suboperation tag='IMPORT2' description='test' version='3' source='-1122497360_-1122486395.CHK' web='true' manage='false' subdoc_tag='null' subdoc_ver='null'>
        </suboperation>
        <suboperation tag='HAHAHHAH' description='test' version='4' source='-1122497360_-1122490398.CHK' web='true' manage='false' subdoc_tag='null' subdoc_ver='null'>
        </suboperation>
        <suboperation tag='TRGRGFHFH' description='test' version='5' source='-1122497360_-1122484390.CHK' web='true' manage='false' subdoc_tag='null' subdoc_ver='null'>
        </suboperation>
        <suboperation tag='FGDFGHFHF' description='test' version='6' source='-1122497360_-1122494392.CHK' web='true' manage='false' subdoc_tag='null' subdoc_ver='null'>
        </suboperation>
        <suboperation tag='FGFGFSDSDAS' description='test' version='7' source='-1122497360_-1122492389.CHK' web='true' manage='false' subdoc_tag='null' subdoc_ver='null'>
        </suboperation>
      </suboperations>
    </subprocedure>
  </subprocedures>
  <resources>
    <resource tag='Edit active initially-empty control recipe' version='1' description='null'>
    </resource>
    <resource tag='Edit planned initially-empty control recipe' version='2' description='null'>
    </resource>
  </resources>
</template>
